{
 "mdsDat": {
 "x": [ -0.25346, -0.24053, -0.13671, -0.061664, 0.13132, -0.22941, -0.10123, 0.11707, 0.18766, 0.23045, 0.046919, 0.30959 ],
"y": [ 0.14285, 0.13706, -0.13037, -0.23066, -0.16949, 0.16786, -0.1116, -0.073333, 0.08873, 0.22798, -0.15674, 0.10772 ],
"topics": [ 1, 2, 3, 4, 5, 6, 7, 8, 9, 10, 11, 12 ],
"Freq": [ 9.4637, 9.4039, 8.5868,  8.462, 8.4582, 8.4407, 8.3777, 8.1717, 8.1344, 7.7939, 7.6813, 7.0258 ],
"cluster": [      1,      1,      1,      1,      1,      1,      1,      1,      1,      1,      1,      1 ] 
},
"tinfo": {
 "Term": [ "hospital", "staff", "pain", "care", "nurse", "hours", "ER", "room", "great", "waiting", "place", "surgery", "people", "wait", "nurses", "worst", "dr", "told", "doctor", "rude", "medical", "will", "i'm", "good", "doctors", "experience", "insurance", "time", "best", "horrible", "bed", "water", "chair", "bathroom", "guard", "yelling", "gown", "shower", "sheets", "holding", "male", "table", "cup", "wheel", "lights", "asks", "wear", "female", "restroom", "hall", "door", "man", "dressed", "pillow", "wheelchair", "security", "drinking", "station", "wearing", "locked", "medication", "scan", "ct", "meds", "normal", "vomiting", "extreme", "ear", "kidney", "pressure", "stomach", "severe", "drug", "morphine", "causing", "bladder", "chest", "prescribed", "fever", "uti", "pains", "scans", "cat", "prescribe", "virus", "tooth", "strep", "shortness", "cyst", "ruptured", "appointment", "parking", "answer", "appointments", "clinic", "hung", "message", "answers", "referral", "valet", "question", "appt", "reach", "hold", "operator", "discuss", "cleveland", "schedule", "impression", "delay", "administrator", "admin", "cancelled", "metro", "attempted", "voicemail", "client", "disconnected", "answering", "transportation", "insurance", "money", "department", "paid", "billing", "amount", "cost", "charged", "collections", "bill", "dollars", "network", "collection", "agency", "account", "billed", "mail", "bills", "owe", "pay", "separate", "credit", "payment", "balance", "charges", "cash", "paying", "afford", "debt", "outrageous", "professionals", "behavior", "dignity", "areas", "profession", "knowledge", "witnessed", "government", "america", "psychiatric", "laws", "adequate", "resources", "technology", "feelings", "nature", "clinical", "cmc", "psychiatrist", "state", "violation", "focus", "qualified", "equally", "generally", "observed", "jersey", "ohio", "committed", "beings", "waiting", "hour", "wait", "triage", "bone", "wrist", "hrs", "sat", "foot", "faster", "finger", "sitting", "fracture", "waited", "lobby", "concussion", "packed", "bandage", "elbow", "ankle", "splint", "fractured", "torn", "stitches", "thumb", "broken", "broke", "stitch", "sprain", "laceration", "she's", "there's", "hoping", "that's", "you're", "i'm", "fun", "what's", "nope", "kinda", "jerk", "cool", "play", "we're", "he's", "fixing", "continuing", "ptsd", "skip", "hey", "let's", "feels", "thinks", "jump", "helps", "we'd", "weather", "they're", "aren't", "heck", "heart", "father", "icu", "dad", "attack", "saved", "oxygen", "alive", "mother", "saving", "pneumonia", "brain", "grandma", "liver", "negligence", "transplant", "cancer", "lung", "stage", "grandmother", "died", "cousin", "life", "rehabilitation", "ccu", "brother", "dialysis", "chemo", "asthma", "hospice", "surgery", "surgeon", "op", "surgeries", "pt", "saint", "healing", "surgical", "ms", "physical", "mayo", "joseph", "t", "don", "therapy", "christmas", "rose", "thomas", "replacement", "rn's", "post", "knee", "lukes", "lee", "coffee", "colonoscopy", "henry", "cna's", "anesthesia", "stays", "amazing", "delivery", "birth", "baby", "child", "delivered", "nicu", "ward", "babies", "ob", "maternity", "labor", "birthing", "boy", "epidural", "delivering", "children's", "nursery", "genuinely", "daughter's", "born", "gentle", "lactation", "deliver", "children", "natural", "pleasure", "welcoming", "breast", "pediatrics", "worst", "joke", "sucks", "unprofessional", "hate", "suck", "dont", "ur", "careless", "slow", "wanna", "ppl", "shit", "dump", "prison", "unfriendly", "ashamed", "gossip", "disgusting", "dirty", "dogs", "bathrooms", "dog", "havent", "obnoxious", "star", "ive", "worthless", "smells", "unhelpful", "de", "la", "el", "en", "notch", "mi", "es", "con", "para", "una", "excellent", "se", "los", "bien", "al", "gracias", "todo", "excelente", "este", "atenci", "le", "por", "enfermeras", "su", "si", "buena", "muy", "sinai", "como", "mejor", "blanket", "loud", "pushed", "monitor", "wall", "wheeled", "standing", "pain", "infection", "symptoms", "abdominal", "antibiotics", "stone", "reaction", "painful", "medicine", "records", "pharmacy", "access", "directions", "company", "charge", "sending", "card", "training", "providing", "states", "teaching", "interested", "rays", "cut", "accident", "stroke", "death", "suffered", "killed", "transported", "st", "pre", "hip", "dr's", "francis", "john", "mary", "sweet", "informative", "newborn", "contractions", "rude", "horrible", "terrible", "uncaring", "awful", "lazy", "highly", "las", "lo", "button", "laughing", "va", "covered", "field", "empathy", "lacking", "standards", "hours", "half", "bleeding", "it's", "pretty", "failure", "cardiologist", "surgeons", "helpful", "pleasant", "pediatric", "shut", "attitudes", "hire", "courteous", "nurse", "lay", "blood", "phone", "specialist", "manner", "employees", "trained", "public", "consider", "injury", "overnight", "performed", "outpatient", "nasty", "servicio", "sleep", "black", "spoke", "manager", "location", "expensive", "human", "lack", "appropriate", "management", "cardiac", "recovery", "comfortable", "beautiful", "place", "filthy", "compassionate", "call", "letter", "medical", "conditions", "board", "thing", "team", "operation", "bless", "allergic", "building", "send", "community", "mental", "facility", "beds", "family", "rn", "helped", "ass", "best", "professional", "caring", "desk", "drugs", "follow", "center", "quality", "ahead", "pm", "going", "i'd", "hard", "realize", "stars", "front", "info", "compassion", "sick", "dr", "son", "daughter", "nice", "deserve", "prompt", "asked", "ordered", "return", "health", "families", "wound", "minutes", "efficient", "stand", "months", "city", "lot", "disrespectful", "great", "tech", "called", "patient", "gonna", "patients", "hr", "guess", "god", "law", "orthopedic", "paper", "tests", "questions", "respect", "ER", "coming", "seriously", "sure", "live", "mary's", "happy", "sad", "er", "scheduled", "business", "hospitals", "admitted", "stay", "experience", "recommend", "number", "people", "bad", "staff", "test", "level", "long", "real", "thorough", "lady", "calling", "country", "mom", "forever", "hell", "walked", "services", "room", "food", "definitely", "medications", "person", "received", "physicians", "min", "understand", "member", "good", "rooms", "die", "love", "room", "month", "regional", "keep", "floor", "major", "nurses", "care", "leave", "won't", "wonderful", "absolutely", "told", "experienced", "takes", "people", "doctors", "top", "walk", "better", "sister", "night", "woman", "answered", "emergency", "help", "loved", "attitude", "full", "care", "ray", "find", "facilities", "time", "hospital", "told", "order", "husband", "pregnant", "doctor", "treatment", "busy", "condition", "well", "day", "hospital", "friendly", "started", "feel", "days", "nursing", "service", "extremely", "primary", "urine", "doctors", "kind", "friendly", "bad", "finally", "arrived", "clean", "hospital", "visit", "work", "good", "staff", "will", "left", "ambulance", "great", "quick", "will", "plan", "help", "will", "procedure", "feel", "couldn't", "speak", "doctor", "husband", "reviews", "things", "wanted", "high", "today", "attention", "visit", "office", "treat", "iv", "time", "receive", "area", "treat", "care", "service", "change", "year", "ago", "days", "ER", "doctor", "poor", "time", "years", "patients", "wasn't", "wonderful", "wrong", "work", "nurses", "left", "treated", "received", "hospital", "wouldn't", "well", "hospital", "clean", "staff", "worse", "talk", "treated", "drive", "check", "day", "service", "wife", "floor", "nurses", "dr", "times", "treatment", "iv", "job", "experience", "kind", "checked", "care", "times", "needed", "told", "long", "finally", "nurses", "staff", "ER", "patient", "couldn't", "doctor", "treated", "years", "recommend", "help", "left", "wasn't", "worse", "times", "felt", "wife", "called", "years", "nice", "hospital", "doctors", "ER", "night", "will", "medical", "good", "fast", "needed", "experience", "nursing", "family", "car", "spent", "hand", "hospital", "nurse", "three", "time", "better", "nurses", "going", "days", "day", "doctors", "year", "well", "needed", "admitted", "better", "ER", "call", "stay", "time", "better", "place", "emergency" ],
"logprob": [     30,     29,     28,     27,     26,     25,     24,     23,     22,     21,     20,     19,     18,     17,     16,     15,     14,     13,     12,     11,     10,      9,      8,      7,      6,      5,      4,      3,      2,      1, -4.1155, -5.1373, -5.4442, -5.2695, -6.4266, -6.4711, -6.4853, -6.5069, -6.5784, -6.6021, -5.9012, -6.7345, -6.786, -6.1731, -6.9935, -7.0236, -7.0482, -6.3246, -6.3553, -5.9437, -4.8711, -5.1817, -7.218, -7.218, -5.8396, -4.9072, -7.2949, -5.6561, -7.3441, -7.361, -4.4395, -4.7322, -4.9581, -4.2922, -5.3868, -5.6698, -5.6792, -5.7428, -5.0363, -5.0272, -5.1285, -4.4711, -5.2913, -6.1232, -6.1583, -6.2518, -4.6756, -5.6405, -5.221, -6.4876, -5.3716, -6.5882, -5.9051, -6.6784, -6.7967, -6.8211, -6.8513, -6.9199, -6.9308, -6.9475, -4.3463, -4.9415, -4.7501, -5.9109, -4.6181, -6.1871, -6.1993, -5.6199, -6.3658, -6.3694, -5.2248, -6.414, -6.4449, -5.1631, -6.7234, -6.7234, -6.7496, -5.7441, -6.917, -7.0301, -7.0442, -7.0659, -7.2583, -7.3509, -6.7028, -7.4423, -7.5312, -7.5428, -6.4528, -7.6287, -3.3022, -4.1663, -4.2543, -4.5478, -4.0277, -5.0236, -5.0799, -5.1723, -5.4519, -3.4458, -5.6864, -5.709, -5.7129, -5.8325, -5.8477, -5.2463, -6.0191, -4.8866, -6.204, -3.9428, -6.2261, -5.5476, -5.1481, -6.3888, -5.6977, -6.5561,  -5.42, -6.6016, -6.659, -6.6941, -5.6691, -6.264, -6.3859, -6.4588, -6.7112, -6.0106, -6.7531, -6.9602, -6.9734, -7.0714, -7.0787, -7.0787, -7.1398, -7.2132, -7.2132, -7.3394, -7.3394, -7.3786, -7.4194, -4.9301, -7.4299, -7.4511, -6.7857, -7.5178, -6.8367, -7.5648, -7.6141, -7.6269, -7.6528, -7.666, -2.8613, -3.4869, -3.0058, -4.7621, -5.9462, -6.0875, -4.7358, -4.7913, -5.1098, -6.4807, -5.8456, -4.5791, -6.6136, -3.8274, -5.5784, -6.8332, -6.8981, -6.9291, -6.9481, -5.808, -7.2103, -6.5865, -7.3437, -5.5061, -7.4025, -4.7521, -5.4067, -7.5667, -7.5667, -7.7069,  -5.45, -5.5206, -6.7069, -4.4263, -4.6643, -3.1821, -6.2508, -5.7128,  -7.12, -7.3101, -7.3996, -6.7174, -6.8345, -5.8466, -5.5661, -7.5212, -7.993, -7.7739, -7.7589, -7.0226, -6.777, -6.4592, -7.2636, -7.6071, -7.0739, -7.6733, -8.0314, -5.2325, -5.9412, -7.1439, -3.7031, -4.4137, -4.4208, -4.6119, -4.8049, -4.8773, -5.8291, -5.889, -3.706, -6.2582, -5.5331, -5.6383, -6.4021, -6.4343, -6.5655, -6.6281, -4.8991, -6.002, -6.7552, -5.6327, -4.9848, -6.9684, -3.3752, -7.1436, -7.1604, -5.1552, -7.2582, -7.3159, -6.1632, -6.5891, -2.8531, -4.6197, -5.5554, -5.419, -6.2282, -6.3225, -6.507, -5.374, -6.5158, -5.3599, -6.6436, -6.6589, -5.0285, -6.6901, -5.6007, -6.8138, -6.9079, -6.9481, -5.7922, -7.0117, -5.0436, -5.1221, -7.1609, -7.1609, -6.4307, -7.2131, -7.2311, -7.2402, -6.5293, -6.5566, -3.8276, -4.5029, -4.5352, -3.5183, -4.209, -5.1576, -5.6413, -5.6528, -5.6962, -5.8274, -5.853, -4.468, -6.1661, -6.2328, -6.3191, -6.4054, -5.6743, -6.4645, -6.565, -6.6767, -4.6781, -6.755, -6.7965, -5.7227,  -4.88, -6.9188, -7.0425, -7.074, -6.3343, -7.082, -2.9952, -4.6842, -5.1432, -4.4249, -5.1151, -6.0307, -4.4888, -6.3827, -6.4461, -4.8257, -6.8427, -6.2523, -7.0121, -7.0674, -7.2544, -6.6017, -6.6275, -7.3795, -5.5629, -4.9226, -7.5097, -6.8108, -5.5997, -7.6449, -7.7046, -4.2873, -5.8911, -7.0674, -7.8183, -6.6487, -4.796, -5.0547, -5.1128, -5.3353, -5.408, -5.4147, -5.791, -5.9797, -6.1333, -6.2276, -3.4835, -6.353, -5.6408, -6.3836, -6.4766, -6.5164, -6.5632, -6.5739, -6.5847, -6.6348, -6.6521, -6.0221, -6.7626, -6.7691, -6.8507, -6.8868, -5.2852, -6.9711, -6.9954, -6.9954, -6.2376, -6.1248, -6.1835, -6.2293, -6.6388, -6.664, -6.1125, -2.4797, -4.5634, -5.0264, -5.5588, -5.5325, -5.9031, -5.9352, -5.8777, -4.7098, -5.2271, -5.7306, -6.5223, -6.9555, -4.8808, -4.6298, -5.9017, -5.6809, -6.0132, -6.5637, -6.447, -7.064, -6.6371, -5.3429, -5.3088, -5.0679, -5.1338, -5.1853, -6.1174, -5.9082, -6.2047, -3.8711, -5.5386, -5.648, -5.8385, -6.3447, -6.3675, -6.3829, -5.4812, -6.0222, -6.4602, -6.482, -3.0434, -3.2931, -3.8974, -5.7337, -4.7185, -5.6148, -4.5077, -5.8945, -6.1794, -5.9355, -6.0234, -4.7588, -5.6753, -5.9347, -6.3933, -6.8965, -6.7912, -2.5391, -4.475, -4.9466, -3.5273, -4.7893, -6.0968, -6.1145, -6.215, -3.9381, -5.038, -5.9625, -5.3478, -6.1242, -6.2487, -5.3032, -2.5496, -6.4199, -3.5327, -4.1293, -5.4761, -5.0299, -5.0347, -6.2006, -6.3284, -6.2036, -5.3001, -5.7135, -5.7276, -5.4521, -5.4949, -6.6697, -5.3126, -6.1601, -5.2459, -6.0461, -5.7939, -6.0165, -5.5484, -4.8633, -6.6044, -5.3049, -5.6702, -4.9653, -4.4627, -5.5484, -2.7847, -5.9911, -4.9393, -3.4231, -5.8565, -3.0793, -6.235, -6.1322, -4.2958, -4.6338, -6.1002, -5.6514, -5.919, -5.5615, -4.5442, -5.5356, -5.9277, -3.9419, -5.9252, -3.4226, -5.1718, -4.7304, -6.0629, -3.1857, -3.7509, -3.6872, -4.6955, -5.5959, -4.9797, -3.9802, -5.0443, -5.7757, -4.3478, -3.2722, -5.1296, -4.9828, -6.3478, -4.3358, -4.5838, -5.625, -5.0688,  -4.45, -2.9776, -3.6996, -3.8481, -3.5186, -5.5904, -6.1614, -3.552, -5.5858, -5.1029, -3.9756, -6.2478, -5.5997, -3.7465, -5.2055, -5.8913, -4.3031, -5.6163, -4.566, -5.9372, -2.8182, -5.627, -3.598, -3.3479, -6.3698, -3.5118, -5.9392, -5.2506, -4.7269, -5.3116, -6.139, -5.7505, -4.6465, -4.5993, -5.0808, -2.4079, -4.9043, -5.3473, -4.1799, -5.0071, -6.2621, -4.9378, -5.4078, -5.8597, -5.5155, -5.2191, -4.2961, -4.0655, -3.8736, -3.1535, -3.876, -4.9861, -3.275, -3.8193, -2.3468, -4.4945, -5.0629, -4.0181, -5.1557, -5.5674, -4.8818, -5.3452, -5.784, -4.3121, -5.4016, -5.2981, -4.8919, -4.6653, -3.0864, -4.3541, -5.0256, -5.6314, -4.2911, -4.055, -5.506, -5.3944, -5.0197, -4.9906, -3.2463, -4.8004, -4.8716, -4.3705, -3.3157, -4.8408, -5.4094, -4.7466, -4.3369, -5.4552, -2.9492, -2.5639, -4.6145, -5.2776, -4.1927, -4.6002, -3.3297, -5.4011, -5.5334, -3.3223, -3.3014, -4.6501, -4.8322, -4.066, -5.1428, -4.3386, -5.3181, -5.632, -4.1414, -3.9419, -4.8773, -4.9926, -4.8618, -2.959, -5.0689, -4.4463, -5.5661, -3.3249, -2.4515, -3.5777, -5.3426, -4.3409, -5.1742, -3.3169, -4.3787, -4.9448, -4.9517, -3.9114, -3.9846, -2.4329, -4.2467, -5.0886, -4.3995, -4.0245, -4.706, -3.831, -4.5957, -5.4468, -5.4602, -3.6478, -4.3816, -4.3065, -3.9934, -4.5417, -5.0109, -4.5718, -2.6438, -4.3857, -4.2039, -3.7996, -3.1172, -3.512, -4.1897, -4.8739, -3.6126, -5.0749, -3.6271, -5.4129, -4.2641, -3.6933, -4.9283, -4.3407, -4.7785, -5.226, -3.5286, -4.625, -5.2276, -4.7142, -4.9324, -5.0297, -4.9906, -5.2126, -4.5913, -5.0588, -4.9215, -4.8827, -3.7873, -5.2841, -4.6832, -4.7916, -3.477, -4.1176, -5.4355, -4.6998, -4.7966, -4.3399, -3.5697, -3.7897, -5.096, -3.6922, -4.5196, -4.1736, -4.7043, -4.5907, -4.705, -4.441, -3.7931, -4.5929, -4.3077, -4.5374, -3.4206, -4.8292, -4.2713, -3.3918, -4.7789, -3.7394, -4.8352, -5.0826, -4.573, -5.0558, -4.9499, -4.4831, -4.4421, -4.579, -4.9476, -3.974, -4.4326, -4.6181, -4.658, -5.101, -4.8102, -4.3557, -4.6836, -4.9587, -3.9066, -4.5752, -4.7845, -4.3479, -4.6966, -4.7047, -4.2688, -4.3649, -4.1313, -4.6137, -5.065, -4.2596, -4.5889, -4.8683, -4.634, -4.6002, -4.8827, -5.0321, -5.1524, -4.6511, -4.8037, -4.9174, -4.8313, -5.1083, -4.7744, -4.4709, -4.5663,   -4.3, -4.9881, -4.6436, -4.875, -4.5333, -5.1229, -5.0037, -4.6775, -5.0395, -5.1602, -5.2185, -5.2266, -5.2049, -4.3704, -4.9466, -5.1419, -4.5712, -4.844, -4.757, -5.072, -5.123, -4.8825, -5.2058, -5.1869, -4.6921, -5.1673, -5.1523, -5.0338, -4.8359, -5.1657, -4.7824, -5.1657, -5.1466, -4.7985, -4.9855 ],
"loglift": [     30,     29,     28,     27,     26,     25,     24,     23,     22,     21,     20,     19,     18,     17,     16,     15,     14,     13,     12,     11,     10,      9,      8,      7,      6,      5,      4,      3,      2,      1, 2.3574, 2.3568, 2.3565, 2.3546, 2.3545, 2.3544, 2.3544, 2.3543,  2.354, 2.3539, 2.3538, 2.3534, 2.3532, 2.3526, 2.3521,  2.352, 2.3518, 2.3517, 2.3515, 2.3515, 2.3513, 2.3509, 2.3507, 2.3507, 2.3504, 2.3502, 2.3502, 2.3498, 2.3498, 2.3497, 2.3636, 2.3635, 2.3633, 2.3633, 2.3629, 2.3626, 2.3625, 2.3624, 2.3624, 2.3624, 2.3622, 2.3621, 2.3619, 2.3617, 2.3616, 2.3614, 2.3611, 2.3611,  2.361, 2.3607, 2.3606, 2.3603, 2.3601,   2.36, 2.3594, 2.3593, 2.3592, 2.3588, 2.3588, 2.3587, 2.4545, 2.4542, 2.4529, 2.4529, 2.4526, 2.4522, 2.4522, 2.4518, 2.4517, 2.4517, 2.4516, 2.4515, 2.4514, 2.4507, 2.4503, 2.4503, 2.4502, 2.4494, 2.4493, 2.4486, 2.4485, 2.4484,  2.447, 2.4462, 2.4455, 2.4454, 2.4445, 2.4444, 2.4435, 2.4435, 2.4694, 2.4692, 2.4692,  2.469, 2.4689, 2.4687, 2.4687, 2.4686, 2.4683, 2.4682, 2.4679, 2.4679, 2.4679, 2.4676, 2.4676, 2.4673, 2.4672, 2.4671, 2.4668, 2.4667, 2.4667, 2.4665, 2.4664, 2.4662,  2.466, 2.4656, 2.4655, 2.4654, 2.4651,  2.465, 2.4684,  2.467, 2.4666, 2.4664, 2.4653, 2.4652, 2.4651,  2.464, 2.4639, 2.4633, 2.4633, 2.4633, 2.4628, 2.4623, 2.4623, 2.4613, 2.4613, 2.4609, 2.4605, 2.4605, 2.4604, 2.4602, 2.4596, 2.4596, 2.4591, 2.4591, 2.4585, 2.4584, 2.4581, 2.4579, 2.4719, 2.4717, 2.4715, 2.4714, 2.4699, 2.4696, 2.4693, 2.4692, 2.4691, 2.4684, 2.4679, 2.4678, 2.4678, 2.4674, 2.4674, 2.4668, 2.4664, 2.4663, 2.4662,  2.466, 2.4644, 2.4636, 2.4633,  2.463, 2.4627, 2.4627, 2.4624, 2.4611, 2.4611, 2.4594, 2.4768, 2.4751, 2.4749, 2.4744, 2.4697, 2.4693, 2.4668, 2.4668, 2.4647, 2.4616, 2.4599, 2.4598, 2.4572, 2.4525, 2.4518, 2.4459, 2.4443, 2.4376, 2.4373, 2.4319, 2.4315, 2.4258, 2.4193, 2.4189, 2.4153, 2.3894, 2.3887, 2.3879, 2.3812, 2.3804, 2.5043,  2.504,  2.504, 2.5039, 2.5038, 2.5037, 2.5025, 2.5024, 2.5019, 2.5014, 2.5013,  2.501, 2.5009, 2.5008, 2.5003,    2.5, 2.4995, 2.4995, 2.4994, 2.4992, 2.4989, 2.4982, 2.4977,  2.497, 2.4969, 2.4967, 2.4961, 2.4956, 2.4955, 2.4955,  2.509, 2.5085, 2.5075, 2.5063, 2.5061, 2.5058, 2.5051, 2.5051, 2.5051,  2.505, 2.5045, 2.5044, 2.5044, 2.5043, 2.5041, 2.5037, 2.5031, 2.5029, 2.5028, 2.5025, 2.5021, 2.5017, 2.5014, 2.5014, 2.5014,  2.501, 2.5009, 2.5008, 2.5005, 2.5004, 2.5515, 2.5513, 2.5513, 2.5512, 2.5509, 2.5508, 2.5501, 2.5501,   2.55, 2.5497, 2.5497, 2.5495, 2.5489, 2.5487, 2.5484, 2.5481,  2.548, 2.5479, 2.5474, 2.5469, 2.5468, 2.5465, 2.5463, 2.5457, 2.5457, 2.5456, 2.5448, 2.5445, 2.5445, 2.5445, 2.5663, 2.5657, 2.5653, 2.5653, 2.5642, 2.5638, 2.5634, 2.5627, 2.5624, 2.5622, 2.5605, 2.5595, 2.5594,  2.559, 2.5575, 2.5569, 2.5564, 2.5563, 2.5558, 2.5552,  2.555, 2.5545,  2.554, 2.5533, 2.5525, 2.5523, 2.5517, 2.5511, 2.5509, 2.5508, 2.6548, 2.6545, 2.6544, 2.6542, 2.6541,  2.654, 2.6533, 2.6529, 2.6524, 2.6521, 2.6517, 2.6516, 2.6515, 2.6515, 2.6511, 2.6509, 2.6507, 2.6507, 2.6506, 2.6504, 2.6503, 2.6498, 2.6497, 2.6496, 2.6491, 2.6489, 2.6485, 2.6483, 2.6481, 2.6481, 2.3495, 2.3477, 2.3471,  2.347, 2.3496, 2.3493, 2.3428, 2.3408, 2.3551, 2.3581,  2.357, 2.3556,  2.358, 2.3579, 2.3564, 2.3438, 2.4402,  2.433,  2.439, 2.4429, 2.4608, 2.4517, 2.4629, 2.4606, 2.4525, 2.4574, 2.4546,  2.456, 2.4514, 2.4572,  2.442, 2.4394, 2.4936,  2.492, 2.4931, 2.4905,  2.492,  2.489, 2.4995, 2.5003, 2.4984, 2.4983,  2.498, 2.4979, 2.5438, 2.5408, 2.5435, 2.5436, 2.5375, 2.5336, 2.5394, 2.5498, 2.5396, 2.5438, 2.6468, 2.6476, 2.6449,  2.341, 2.3374, 2.3959, 2.4588, 2.4421, 2.4445, 2.4524, 2.4485, 2.4039, 2.4278, 2.4327, 2.3391,  2.351, 2.4905, 2.4902, 2.4932,  2.514, 2.5176, 2.5336, 2.5292,  2.545, 2.5456, 2.6319, 2.2358, 2.3442,  2.289, 2.3794, 2.4041, 2.4081,  2.401, 2.4339, 2.4356, 2.4305, 2.4251, 2.4801, 2.4797, 2.4672, 2.5262, 2.6443, 2.3014, 2.3342,   2.39, 2.4125, 2.3977, 2.4597, 2.4093, 2.3712, 2.4427,  2.387, 2.4676, 2.4461, 2.4791, 2.5061, 2.4295, 2.5298, 2.5789, 2.2956,   2.45, 2.2863, 2.4229, 2.4165, 2.2569, 2.4065, 2.4804, 2.5925, 2.3477, 2.3752, 2.3701, 2.3838, 2.4017, 2.2745, 2.4086, 2.3284, 2.4305, 2.4408, 2.5215, 2.4592, 2.4896, 2.4655, 2.2183, 2.3252, 2.3178,  2.269, 2.3313, 2.3938,  2.282, 2.1363, 2.2557, 2.2446, 2.3336, 2.4068, 2.1968,  2.355, 2.3267, 2.1758, 2.2025, 2.3395, 2.3498,  2.317, 2.4815,  2.617, 2.0915, 2.3169,    2.3, 2.2142,   2.42, 2.3699, 2.1864, 2.5225, 2.2924, 2.2772, 2.3528, 2.1471, 2.5083, 2.2471, 2.2564, 2.1006,  2.094, 2.3287, 2.0685, 2.3963, 2.1859, 2.2813, 2.3597, 2.4647, 2.2557, 2.1811, 2.1879, 2.2536, 1.8819,  2.122, 2.1879, 2.0084,  2.318, 2.4799, 2.3452, 2.4213, 2.5553, 2.3033, 2.3489, 2.1052, 2.1682, 2.1014, 2.0523, 2.2365, 2.2123, 1.8057, 1.9003, 1.9644, 2.0918, 2.2068, 2.0641, 2.1288, 2.5063,  2.051, 2.2485, 2.3377, 2.1414,  2.391, 2.3694, 2.0473, 2.1993, 1.8343, 2.0744, 2.3031, 2.2986, 1.9936, 2.0553, 2.2669, 2.3073,  2.036, 2.2324,   1.95,  2.245, 2.2326,  2.192,  1.605, 2.2103, 2.2258, 1.9574, 1.9884, 2.2754, 1.7488, 1.7074,  1.899, 2.0856, 2.0779, 2.1392, 1.6172, 2.2015, 2.1521, 1.7585, 1.8181,  2.213, 1.9256, 1.6962, 2.1904, 1.7619, 2.0712, 2.2649, 1.8918, 1.6495, 2.1041, 2.2342, 2.1804, 1.3123, 2.1907, 1.8381, 2.2216, 1.4063, 1.1863, 1.3691, 2.1448,  1.772, 2.3042, 1.3727, 1.7455, 2.1026, 2.1074, 1.5726, 1.5921, 1.2049, 1.9356, 1.9096,   1.74, 1.7257, 1.8847, 1.7346, 2.0404, 2.1788, 2.2261, 1.4717, 1.9274, 1.8758, 1.7262, 1.6037, 2.0758, 1.9945,  0.994, 1.7706, 1.5771, 1.3968, 1.1941, 1.3812, 1.6223, 2.0198, 1.4527, 2.2339,  1.266, 2.3039, 1.3274, 1.1999, 1.9596, 1.7988, 1.6127, 2.0237, 1.1611, 1.4879, 1.9351, 1.8038, 1.6855, 1.9282, 1.8585, 1.9229,  1.565, 1.9031, 1.7146, 1.7709, 0.9439, 2.1646, 1.8313, 1.8445, 0.7944,  1.448, 2.0082, 1.7889, 1.7719, 1.4103, 0.7201, 0.8999, 1.7906, 1.0389, 1.5959, 1.4067, 1.7215, 1.6799, 1.5548,   1.34, 0.9049, 1.2191, 1.3921,  1.573, 0.2173, 1.8287, 1.2126, 0.2461, 1.7874, 0.5718, 1.7961, 1.8412, 1.1268, 2.0171, 1.4148, 1.0936, 1.1235,  1.564, 1.3777,  0.724, 0.7475, 1.1598, 1.4662, 1.5526, 1.5692, 0.8502, 1.6254, 1.8984, 0.3648, 1.2026, 1.3064, 0.5989, 1.3856, 1.4406, 0.4292, -0.0536, 0.1585, 0.8282, 1.3263, 0.4301, 1.1109, 1.2472, 1.4785, 0.9913, 0.9293, 1.3937, 1.4789, 1.1268, 1.7598, 1.2257, 0.8673, 1.0073, 1.0611, -0.833, 0.5532, -0.0102, 1.1124, 0.2495, 0.4907, 0.6631, 1.9898, 1.0872, 0.5283, 1.5512, 0.5908, 2.0376, 1.8614, 1.9699, -0.7326, -0.1612, 1.5846,   0.16, 0.9183, -0.059, 0.3365, 0.6272, 0.6942, -0.0863, 1.3017, 0.7919, 0.9236, 1.0813, 0.7285, -0.5461, 0.5531, 1.1927, -0.4345, 0.6156, 0.4157, 1.0477 ],
"Freq": [  41692,  21261,  12776,  22126,  13233,  11304,  21723,  11558,  10002,   7651,   8618,   7434,   9849,   6625,  14442,   6090,   8917,  11261,  14563,   5973,   7407,  11882,   5566,   8774,   9475,   8691,   4936,  13971,   5602,   4671, 2447.2,  880.9, 648.07, 771.81, 242.66, 232.08, 228.82, 223.94, 208.47, 203.59, 410.36, 178.35,  169.4, 312.67, 137.65, 133.58, 130.32, 268.71, 260.57, 393.27, 1149.5, 842.64, 109.97, 109.97, 436.41, 1108.8, 101.83, 524.33, 96.943, 95.315, 1758.9, 1312.5, 1047.1, 2037.9, 682.03, 513.95, 509.13, 477.76, 968.33, 977.17, 883.08, 1704.2, 750.39, 326.57, 315.31, 287.17, 1388.9, 529.23, 805.08, 226.85, 692.49, 205.14, 406.19, 187.45, 166.54, 162.52, 157.69, 147.24, 145.63, 143.22, 1762.8, 972.14, 1177.2, 368.73, 1343.3, 279.74, 276.35, 493.31, 233.98, 233.13,  732.3, 222.96, 216.18, 778.91, 163.64, 163.64,  159.4, 435.68, 134.82, 120.41, 118.72, 116.18, 95.836, 87.362, 167.03, 79.734, 72.954, 72.107, 214.48, 66.174, 4935.5, 2079.9, 1904.6, 1420.2,   2389, 882.48, 834.21, 760.54, 575.08, 4274.9, 454.83, 444.66, 442.97, 393.01, 387.08, 706.34, 326.11,   1012, 271.06, 2600.7, 265.13, 522.57, 779.17, 225.33, 449.74, 190.61, 593.71, 182.14, 171.98, 166.05, 462.56, 255.15, 225.88, 209.99, 163.16, 328.75, 156.46, 127.19, 125.52, 113.81, 112.98, 112.98, 106.28, 98.757, 98.757, 87.049, 87.049, 83.703, 80.358, 968.55, 79.522, 77.849, 151.45, 72.831, 143.92, 69.486,  66.14, 65.304, 63.631, 62.795, 7650.2, 4092.6, 6621.3, 1143.4,  349.9,  303.8, 1173.8, 1110.5, 807.55, 205.03, 386.94,   1373, 179.51, 2911.5, 505.47, 144.12, 135.06, 130.95, 128.48, 401.75, 98.843, 184.45, 86.497, 543.33, 81.558, 1154.9, 600.13, 69.211, 69.211, 60.157, 570.39, 531.52, 162.29, 1587.7, 1251.4, 5509.8, 256.08, 438.58, 107.38, 88.787, 81.183,  160.6, 142.86, 383.66, 507.87, 71.888, 44.851, 55.835,  56.68, 118.36, 151.31, 207.92, 93.011, 65.974, 112.44, 61.749, 43.161, 708.96, 349.02, 104.84, 3191.9, 1568.3, 1557.2, 1286.3, 1060.6, 986.48, 380.84, 358.69, 3182.5, 247.95, 512.02, 460.91, 214.73, 207.92, 182.36, 171.29, 965.19, 320.36, 150.84, 463.46, 885.97, 121.88, 4430.4, 102.29, 100.59, 747.12, 91.216, 86.105, 272.65,  178.1, 7433.7, 1270.5, 498.42,  571.3, 254.33, 231.45, 192.46, 597.58, 190.76, 606.05, 167.88, 165.34, 844.21, 160.25, 476.38, 141.61, 128.89, 123.81, 393.32, 116.18, 831.49, 768.78, 100.08, 100.08, 207.71, 94.994, 93.299, 92.451, 188.22, 183.14, 2687.8, 1368.2, 1324.7,   3662, 1835.7, 710.89, 438.27, 433.25, 414.85, 363.84, 354.64, 1416.7, 259.31, 242.58, 222.51, 204.12, 424.05, 192.41, 174.01, 155.61, 1148.2, 143.91, 138.05, 403.98, 938.35, 122.16, 107.95,  104.6, 219.17, 103.77, 6089.8, 1124.8, 710.81, 1457.8, 731.04, 292.63, 1367.6, 205.79, 193.14, 976.39, 129.91, 234.45, 109.67, 103.77, 86.067, 165.32,  161.1,  75.95, 467.15, 886.17, 66.676, 134.12, 450.29, 58.244, 54.872, 1672.8, 336.47, 103.77,  48.97, 157.73, 919.97, 710.26, 670.15, 536.47, 498.87, 495.53, 340.13, 281.64, 241.53, 219.81, 3418.2, 193.91, 395.27, 188.06, 171.35, 164.67, 157.15, 155.48,  153.8, 146.29, 143.78, 269.94, 128.74,  127.9, 117.88,  113.7, 564.04, 104.51,    102,    102, 293.14, 328.14, 309.42, 295.58, 196.26, 191.38, 332.21,  12484, 1553.8, 977.98, 574.27, 589.55, 406.99, 394.13, 417.45, 1342.3,  730.6, 441.61, 200.08, 129.74,   1018, 1308.4, 366.75, 457.37, 327.91, 189.08,  212.5, 114.65,  175.7, 639.64, 661.86, 842.12,  763.3, 724.97, 285.43, 351.87, 261.58, 2685.9, 506.89, 454.35, 375.53, 226.36, 221.28, 217.89, 514.37, 299.45, 193.24, 189.06, 5803.2, 4520.8, 2470.4,  393.8, 1086.8, 443.54, 1227.4,  306.7, 230.67, 396.52, 363.15, 1167.1, 459.91, 354.68, 224.21, 135.56, 150.61,  10559, 1523.7, 950.78, 3901.1, 1104.4, 291.39, 286.28, 257.72, 2406.8,  801.2, 317.85, 579.28, 266.49,  235.3, 554.02,  11715, 244.29, 4355.6,   2190, 569.58, 876.55, 872.37, 271.88, 239.26, 271.04, 667.62, 425.53,  419.6, 552.66, 500.03, 141.27, 739.25, 316.74, 717.04, 322.12, 414.49, 326.95, 521.94, 1035.5, 181.55, 665.79, 446.43,  899.3, 1424.2, 480.92, 7516.3, 304.43, 797.15, 4437.5, 383.69, 6164.7, 262.68, 291.12,   1809, 1252.7, 289.08, 391.09, 400.56, 522.97, 1425.3, 528.63, 357.19, 2601.9,  357.3, 4225.1, 731.49, 1089.7, 283.35, 4603.8, 2616.1, 2788.2, 1370.2, 553.36, 935.69, 2504.1, 864.01, 414.92, 1730.3, 5034.9, 785.84, 910.05, 232.42, 1593.5, 1532.2, 490.76,  843.1, 1550.5, 6563.3, 3054.9, 2633.4, 3661.2,  454.5, 234.85, 4299.2, 558.99, 827.22, 2515.8, 259.33, 494.77, 3156.7, 610.83, 414.43,   1814, 487.65, 1380.7, 321.29, 6648.3,  539.8, 3725.6, 4712.8, 227.35, 4000.3, 352.37, 696.28, 1146.6, 638.94, 278.06, 477.12, 1429.9, 1368.8, 833.06,  12039,  984.4, 632.07, 2031.3, 866.37, 245.85, 885.66, 545.56, 317.57, 547.55, 725.82, 1825.8, 2221.6, 2679.1, 5274.3, 2308.6, 929.76, 5020.6, 2913.3,  10652, 1664.8, 848.12, 2406.1, 765.57, 425.35, 1137.3, 649.24, 412.38, 1736.1, 548.93, 608.79, 1125.9, 1262.7, 6108.5,   1657, 811.24, 534.06, 1862.8, 2324.7, 544.53, 607.53,  877.1, 880.86, 4333.1, 1016.1, 932.54, 1407.9, 5445.4, 1059.5, 599.72, 1152.5, 1685.8, 550.96, 6470.2, 8573.3, 1485.8,  677.7, 1865.8, 1223.4,   5336, 604.74, 524.76,   4391, 4100.8, 1064.5, 1195.1, 2276.3, 756.49, 1957.9, 735.18, 487.37,   2127, 2577.1, 986.48, 826.31, 1037.5, 6952.5,  841.3,   1595, 512.74, 4776.4,  11158, 4190.1, 650.94,   1679, 699.18, 5404.3, 1681.1, 952.42, 915.78, 2579.9, 2397.7,  10686, 1593.4, 924.86, 1630.8, 2314.5, 1165.4, 2414.7, 1246.9, 586.53, 633.78, 3373.3, 1544.6, 1665.1, 2244.4, 1598.1, 891.51,   1277, 7914.9,   1670, 1983.1, 2885.1, 5469.2, 3632.2, 2026.6, 989.89, 3332.5, 696.06, 3566.1, 597.94, 2109.3, 3304.5,  933.2,   1609, 1261.1, 731.45, 3925.5, 1470.3, 719.32, 1190.6, 1081.2, 974.76, 925.52, 730.19, 1379.8, 864.51, 976.91, 1129.2, 3083.2, 680.09, 1237.2, 1101.8, 3983.4, 1982.2, 653.77, 1178.1, 1064.6, 1680.7, 4197.2, 3075.6, 820.52, 3332.9, 1410.7, 1874.3, 1202.4, 1129.7, 1348.7, 1603.5, 2903.7, 1518.3, 1743.8, 1191.5, 4384.2, 973.01, 1853.8, 4337.7, 935.85, 3063.9, 967.11, 844.17, 1384.2, 775.73, 1062.4, 1537.4, 1578.6, 1267.8, 1064.9,   2093, 1770.9, 1343.3, 1228.4, 913.46, 1081.6, 1654.4, 1029.4, 939.25, 2604.1,   1368, 1137.4, 1734.4, 1211.7, 1210.9,   1704, 1704.5, 1955.2, 1349.3, 940.99, 1875.8, 1349.4, 990.83, 1200.1, 1223.4, 1129.2, 978.59, 862.17, 1236.9, 1012.8, 995.87, 1069.6, 810.48, 940.03, 1533.1, 1265.6, 1801.4, 878.96, 1309.4, 1023.9, 1327.2, 663.47,  865.4, 1132.4, 721.12,  769.5, 724.42,  692.5, 734.29, 1678.9, 1059.2, 782.04, 1277.9, 958.68, 1112.6, 940.33, 887.91, 981.37, 735.21, 749.53, 1132.4, 854.85, 745.89,  725.3, 1028.2, 765.62, 1034.5, 765.62, 750.13, 1094.2, 832.21 ],
"Total": [  41692,  21261,  12776,  22126,  13233,  11304,  21723,  11558,  10002,   7651,   8618,   7434,   9849,   6625,  14442,   6090,   8917,  11261,  14563,   5973,   7407,  11882,   5566,   8774,   9475,   8691,   4936,  13971,   5602,   4671,   2448, 881.67, 648.84, 774.25, 243.43, 232.85, 229.59, 224.71, 209.24, 204.36, 411.97, 179.12, 170.16, 314.28, 138.42, 134.34, 131.09, 270.33, 262.19, 395.72,   1157, 848.44, 110.74, 110.74, 439.59, 1117.2,  102.6, 528.47, 97.711, 96.083, 1759.6, 1313.3, 1047.9, 2039.5,  682.8, 514.72,  509.9, 478.53, 969.91, 978.79, 884.67, 1707.5,    752, 327.34, 316.08, 287.94,   1393, 530.82, 807.53, 227.62,  694.9, 205.91, 407.81, 188.22, 167.31, 163.29, 158.46, 148.01,  146.4, 143.98, 1763.6,  972.9, 1179.7, 369.49, 1346.5, 280.51, 277.12, 494.88, 234.74, 233.89, 734.77, 223.72, 216.94, 782.21,  164.4,  164.4, 160.16, 438.12, 135.59, 121.18, 119.48, 116.94, 96.602, 88.127,  168.6,   80.5,  73.72, 72.872, 216.95,  66.94, 4936.2, 2080.7, 1905.4,   1421, 2390.6, 883.25, 834.98,  761.3, 575.84, 4280.8, 455.59, 445.43, 443.74, 393.77, 387.84, 707.95, 326.87, 1014.5, 271.83, 2608.2,  265.9, 524.18, 781.62,  226.1, 451.35, 191.38, 596.11, 182.91, 172.75, 166.82, 463.33, 255.92, 226.65, 210.76, 163.92, 330.35, 157.23, 127.96, 126.29, 114.58, 113.74, 113.74, 107.05, 99.524, 99.524, 87.815, 87.815,  84.47, 81.124, 977.82, 80.288, 78.615, 153.03, 73.597,  145.5, 70.252, 66.907,  66.07, 64.398, 63.561, 7651.8, 4094.3, 6625.4, 1144.2, 350.66, 304.57, 1177.2, 1113.7, 809.99, 205.79, 388.56, 1378.9, 180.28, 2925.3, 507.87, 144.88, 135.83, 131.71, 129.24, 404.21, 99.611, 186.03, 87.264, 548.28, 82.325, 1165.8,    606, 69.978, 69.978, 60.924, 572.01, 533.92, 163.06,   1596, 1263.9, 5566.8, 259.38, 444.26, 108.99,   90.4, 82.796, 163.82,  146.1, 394.18, 522.19, 74.349, 46.463, 58.228, 59.132, 124.14, 158.77, 219.41, 98.795, 70.105, 119.91, 67.579, 47.271, 777.03, 385.13, 115.77, 3192.6,   1569,   1558, 1287.1, 1061.4, 987.25,  381.6, 359.45, 3190.8, 248.72, 513.63, 462.51,  215.5, 208.68, 183.13, 172.05,    970, 321.97, 151.61, 465.92, 890.95, 122.65, 4460.7, 103.05, 101.35, 752.97, 91.981,  86.87, 275.11, 179.71, 7434.5, 1271.3, 499.18, 572.91, 255.09, 232.21, 193.22, 599.97, 191.53,  608.5, 168.65,  166.1, 848.19, 161.02, 478.77, 142.37, 129.66, 124.57, 395.78, 116.95, 837.33, 774.43, 100.84, 100.84, 209.32, 95.759, 94.064, 93.216, 189.83, 184.74, 2688.6,   1369, 1325.5, 3664.4, 1837.3, 711.65, 439.03, 434.02, 415.62, 364.61, 355.41,   1420, 260.08, 243.35, 223.28, 204.88, 425.67, 193.17, 174.78, 156.38,   1154, 144.67, 138.82, 406.45, 944.11, 122.93, 108.71, 105.37, 220.78, 104.53, 6090.6, 1125.5, 711.57, 1459.4, 732.65, 293.39, 1371.7, 206.55, 193.91, 980.49, 130.67, 236.07, 110.44, 104.54, 86.833, 166.89, 162.72, 76.715,  472.1, 896.11, 67.441, 135.73, 455.88,  59.01, 55.638, 1696.4, 341.45, 105.37, 49.736,  160.2, 920.74, 711.03, 670.92, 537.24, 499.64,  496.3, 340.89, 282.41,  242.3, 220.58, 3431.6, 194.68, 396.87, 188.83, 172.12, 165.43, 157.91, 156.24, 154.57, 147.05, 144.54, 271.51, 129.51, 128.67, 118.64, 114.47, 568.07, 105.28, 102.77, 102.77, 295.55, 331.44, 312.72, 298.76, 197.87, 192.99, 337.21,  12777, 1567.7, 983.83, 578.33, 594.53, 409.45, 396.57, 420.66, 1369.7, 741.49, 451.43,  203.3, 131.31,   1027,   1332, 369.21, 461.51, 333.72, 191.49, 215.81, 116.27, 179.01, 649.25, 682.12, 870.08,  771.7, 734.07,  288.7, 356.82, 264.86, 2740.3, 511.74, 458.33, 379.55, 228.82, 223.73, 220.34, 518.52, 302.76, 194.85, 190.63, 5973.3, 4671.4,   2538, 400.38, 1116.4, 453.67, 1238.3, 309.16, 233.14, 403.22, 370.59,   1238, 464.89, 364.72, 230.01, 137.96, 153.88,  11305, 1592.7, 988.97, 4489.5,   1256, 295.51,  290.4, 261.84, 2499.5, 829.09, 323.68, 601.25, 272.25, 240.24, 567.31,  13233,  247.6,   4695, 2361.8,  599.3, 932.51, 934.67, 281.87, 247.66, 281.97, 699.73, 438.03, 432.11, 576.31, 520.54, 142.88, 782.07, 324.27, 765.19, 336.08,  438.9, 330.19, 554.63,   1143, 186.58, 723.42,  463.2, 957.78, 1531.7, 503.41, 8618.9, 315.78, 860.71, 5203.8, 391.27,   7408, 275.35, 307.11, 2260.3, 1388.1, 297.47, 416.56, 407.16,  566.4, 1574.3, 576.22, 382.46, 3163.9, 380.72, 5038.8, 791.25, 1217.7, 296.35, 5602.9, 3088.5, 3371.9, 1575.1, 575.25, 1073.2, 3061.6, 992.58, 448.71, 2092.5, 7096.9, 983.08, 1151.1, 268.97, 1869.2, 1799.6, 542.34, 972.98, 2100.8, 8917.5, 3777.5,   3223, 4630.3, 494.79, 244.09, 5610.5, 585.95, 965.85, 3249.1, 272.65,    548, 4200.6, 697.81, 442.42, 2198.8, 548.29, 1925.2, 340.52,  10002, 597.34, 5309.8, 6864.4, 264.37, 5976.7, 380.11, 933.98, 1433.4, 738.45, 290.66, 528.37, 1716.9, 1787.8, 1034.4,  21724, 1407.5, 846.11, 3253.8,   1044, 253.13, 1088.9, 630.76, 351.07, 637.23, 818.91, 2629.7, 3109.8, 4027.4, 8691.7, 3510.2, 1185.1, 9849.8, 5199.8,  21262, 2185.7, 1103.5, 3618.4, 1087.3, 493.85, 1545.6,  798.1, 470.72, 2496.2, 654.18, 741.33, 1535.8, 1654.7,  11559, 2559.2, 1040.3, 570.16, 2954.8, 3517.7, 667.15, 716.39, 1366.8, 1156.3, 8774.2,   1381, 1302.1, 2238.2,  11559, 1373.1, 765.62, 1942.8, 2837.4, 696.02,  14443,  22127, 2350.5, 1004.9,   2997, 1875.5,  11261, 791.02, 728.11, 9849.8, 9475.4, 1657.2, 1841.2, 4982.5, 1035.7, 3552.7, 979.13, 589.36,   3800, 5910.5, 1472.3, 1151.9, 1385.4,  22127, 1114.7, 2955.8, 657.32,  13971,  41693,  11261, 887.64, 3508.8, 895.65,  14564, 3469.4, 1378.2, 1362.2, 6581.2, 5998.1,  41693, 3273.5, 1447.7, 3416.8, 5042.9,   2176, 6065.5, 2079.4, 773.07, 727.53, 9475.4, 2884.1, 3273.5, 5199.8, 3396.7, 1325.1, 2229.7,  41693, 3359.7, 4889.7, 8774.2,  21262,  11882, 4740.8, 1607.2,  10002, 1061.2,  11882, 705.66, 5910.5,  11882, 1616.6, 3416.8, 2656.4, 1125.8,  14564, 3508.8, 1228.1, 2340.2, 2117.5, 1507.3, 1680.4, 1261.9, 3359.7, 1501.3, 2079.5, 2043.3,  13971, 922.57, 2348.2, 2079.5,  22127, 6065.5, 927.28, 2409.7,   2225, 5042.9,  21724,  14564, 1618.7,  13971, 3499.6, 5976.7, 2566.2,   2997, 3029.4, 4889.7,  14443, 4740.8, 5303.6, 3517.7,  41693, 2034.7, 6581.2,  41693, 2229.7,  21262, 2089.4, 1559.5, 5303.6, 1343.6, 2727.8, 5998.1, 6065.5, 3404.6, 2837.4,  14443, 8917.5, 4905.4, 3469.4, 2043.3,   2688, 8691.7, 2884.1, 1667.1,  22127, 4905.4, 3586.9,  11261, 3618.4, 3396.7,  14443,  21262,  21724, 6864.4, 2656.4,  14564, 5303.6, 3499.6, 3510.2, 5910.5, 4740.8, 2566.2, 2089.4, 4905.4, 2236.1, 3404.6, 5309.8, 3499.6, 4630.3,  41693, 9475.4,  21724, 3552.7,  11882,   7408, 8774.2, 1291.2, 3586.9, 8691.7,   2176, 5038.8, 1118.6, 1323.4, 1213.4,  41693,  13233, 1899.6,  13971, 4982.5,  14443, 7096.9, 5042.9, 5998.1, 9475.4, 2409.7, 6581.2, 3586.9, 3109.8, 4982.5,  21724, 5203.8, 4027.4,  13971, 4982.5, 8618.9,   3800 ],
"Category": [ "Default", "Default", "Default", "Default", "Default", "Default", "Default", "Default", "Default", "Default", "Default", "Default", "Default", "Default", "Default", "Default", "Default", "Default", "Default", "Default", "Default", "Default", "Default", "Default", "Default", "Default", "Default", "Default", "Default", "Default", "Topic1", "Topic1", "Topic1", "Topic1", "Topic1", "Topic1", "Topic1", "Topic1", "Topic1", "Topic1", "Topic1", "Topic1", "Topic1", "Topic1", "Topic1", "Topic1", "Topic1", "Topic1", "Topic1", "Topic1", "Topic1", "Topic1", "Topic1", "Topic1", "Topic1", "Topic1", "Topic1", "Topic1", "Topic1", "Topic1", "Topic2", "Topic2", "Topic2", "Topic2", "Topic2", "Topic2", "Topic2", "Topic2", "Topic2", "Topic2", "Topic2", "Topic2", "Topic2", "Topic2", "Topic2", "Topic2", "Topic2", "Topic2", "Topic2", "Topic2", "Topic2", "Topic2", "Topic2", "Topic2", "Topic2", "Topic2", "Topic2", "Topic2", "Topic2", "Topic2", "Topic3", "Topic3", "Topic3", "Topic3", "Topic3", "Topic3", "Topic3", "Topic3", "Topic3", "Topic3", "Topic3", "Topic3", "Topic3", "Topic3", "Topic3", "Topic3", "Topic3", "Topic3", "Topic3", "Topic3", "Topic3", "Topic3", "Topic3", "Topic3", "Topic3", "Topic3", "Topic3", "Topic3", "Topic3", "Topic3", "Topic4", "Topic4", "Topic4", "Topic4", "Topic4", "Topic4", "Topic4", "Topic4", "Topic4", "Topic4", "Topic4", "Topic4", "Topic4", "Topic4", "Topic4", "Topic4", "Topic4", "Topic4", "Topic4", "Topic4", "Topic4", "Topic4", "Topic4", "Topic4", "Topic4", "Topic4", "Topic4", "Topic4", "Topic4", "Topic4", "Topic5", "Topic5", "Topic5", "Topic5", "Topic5", "Topic5", "Topic5", "Topic5", "Topic5", "Topic5", "Topic5", "Topic5", "Topic5", "Topic5", "Topic5", "Topic5", "Topic5", "Topic5", "Topic5", "Topic5", "Topic5", "Topic5", "Topic5", "Topic5", "Topic5", "Topic5", "Topic5", "Topic5", "Topic5", "Topic5", "Topic6", "Topic6", "Topic6", "Topic6", "Topic6", "Topic6", "Topic6", "Topic6", "Topic6", "Topic6", "Topic6", "Topic6", "Topic6", "Topic6", "Topic6", "Topic6", "Topic6", "Topic6", "Topic6", "Topic6", "Topic6", "Topic6", "Topic6", "Topic6", "Topic6", "Topic6", "Topic6", "Topic6", "Topic6", "Topic6", "Topic7", "Topic7", "Topic7", "Topic7", "Topic7", "Topic7", "Topic7", "Topic7", "Topic7", "Topic7", "Topic7", "Topic7", "Topic7", "Topic7", "Topic7", "Topic7", "Topic7", "Topic7", "Topic7", "Topic7", "Topic7", "Topic7", "Topic7", "Topic7", "Topic7", "Topic7", "Topic7", "Topic7", "Topic7", "Topic7", "Topic8", "Topic8", "Topic8", "Topic8", "Topic8", "Topic8", "Topic8", "Topic8", "Topic8", "Topic8", "Topic8", "Topic8", "Topic8", "Topic8", "Topic8", "Topic8", "Topic8", "Topic8", "Topic8", "Topic8", "Topic8", "Topic8", "Topic8", "Topic8", "Topic8", "Topic8", "Topic8", "Topic8", "Topic8", "Topic8", "Topic9", "Topic9", "Topic9", "Topic9", "Topic9", "Topic9", "Topic9", "Topic9", "Topic9", "Topic9", "Topic9", "Topic9", "Topic9", "Topic9", "Topic9", "Topic9", "Topic9", "Topic9", "Topic9", "Topic9", "Topic9", "Topic9", "Topic9", "Topic9", "Topic9", "Topic9", "Topic9", "Topic9", "Topic9", "Topic9", "Topic10", "Topic10", "Topic10", "Topic10", "Topic10", "Topic10", "Topic10", "Topic10", "Topic10", "Topic10", "Topic10", "Topic10", "Topic10", "Topic10", "Topic10", "Topic10", "Topic10", "Topic10", "Topic10", "Topic10", "Topic10", "Topic10", "Topic10", "Topic10", "Topic10", "Topic10", "Topic10", "Topic10", "Topic10", "Topic10", "Topic11", "Topic11", "Topic11", "Topic11", "Topic11", "Topic11", "Topic11", "Topic11", "Topic11", "Topic11", "Topic11", "Topic11", "Topic11", "Topic11", "Topic11", "Topic11", "Topic11", "Topic11", "Topic11", "Topic11", "Topic11", "Topic11", "Topic11", "Topic11", "Topic11", "Topic11", "Topic11", "Topic11", "Topic11", "Topic11", "Topic12", "Topic12", "Topic12", "Topic12", "Topic12", "Topic12", "Topic12", "Topic12", "Topic12", "Topic12", "Topic12", "Topic12", "Topic12", "Topic12", "Topic12", "Topic12", "Topic12", "Topic12", "Topic12", "Topic12", "Topic12", "Topic12", "Topic12", "Topic12", "Topic12", "Topic12", "Topic12", "Topic12", "Topic12", "Topic12", "Topic1", "Topic1", "Topic1", "Topic1", "Topic1", "Topic1", "Topic1", "Topic2", "Topic2", "Topic2", "Topic2", "Topic2", "Topic2", "Topic2", "Topic2", "Topic2", "Topic3", "Topic3", "Topic3", "Topic3", "Topic4", "Topic4", "Topic4", "Topic4", "Topic5", "Topic5", "Topic5", "Topic5", "Topic5", "Topic6", "Topic6", "Topic6", "Topic8", "Topic8", "Topic8", "Topic8", "Topic8", "Topic9", "Topic9", "Topic9", "Topic9", "Topic9", "Topic9", "Topic9", "Topic10", "Topic10", "Topic10", "Topic10", "Topic11", "Topic11", "Topic11", "Topic11", "Topic11", "Topic11", "Topic12", "Topic12", "Topic12", "Topic1", "Topic1", "Topic3", "Topic4", "Topic5", "Topic5", "Topic5", "Topic5", "Topic6", "Topic6", "Topic6", "Topic7", "Topic7", "Topic8", "Topic8", "Topic9", "Topic10", "Topic10", "Topic10", "Topic11", "Topic11", "Topic11", "Topic12", "Topic1", "Topic1", "Topic2", "Topic3", "Topic3", "Topic5", "Topic5", "Topic5", "Topic5", "Topic5", "Topic6", "Topic9", "Topic9", "Topic9", "Topic11", "Topic12", "Topic1", "Topic1", "Topic3", "Topic3", "Topic3", "Topic4", "Topic5", "Topic5", "Topic5", "Topic5", "Topic8", "Topic9", "Topic10", "Topic10", "Topic11", "Topic11", "Topic12", "Topic3", "Topic4", "Topic5", "Topic5", "Topic5", "Topic7", "Topic9", "Topic9", "Topic12", "Topic2", "Topic3", "Topic4", "Topic5", "Topic5", "Topic5", "Topic6", "Topic8", "Topic9", "Topic10", "Topic11", "Topic12", "Topic12", "Topic12", "Topic1", "Topic2", "Topic3", "Topic5", "Topic5", "Topic6", "Topic6", "Topic7", "Topic7", "Topic7", "Topic7", "Topic11", "Topic1", "Topic3", "Topic5", "Topic7", "Topic9", "Topic10", "Topic10", "Topic10", "Topic11", "Topic12", "Topic1", "Topic2", "Topic3", "Topic5", "Topic5", "Topic6", "Topic6", "Topic12", "Topic1", "Topic4", "Topic5", "Topic7", "Topic11", "Topic12", "Topic1", "Topic3", "Topic5", "Topic7", "Topic5", "Topic6", "Topic7", "Topic8", "Topic8", "Topic9", "Topic1", "Topic2", "Topic3", "Topic5", "Topic6", "Topic7", "Topic7", "Topic7", "Topic8", "Topic9", "Topic10", "Topic11", "Topic12", "Topic3", "Topic4", "Topic5", "Topic8", "Topic9", "Topic10", "Topic12", "Topic3", "Topic7", "Topic7", "Topic12", "Topic2", "Topic5", "Topic6", "Topic7", "Topic12", "Topic1", "Topic3", "Topic5", "Topic8", "Topic11", "Topic11", "Topic1", "Topic4", "Topic6", "Topic9", "Topic10", "Topic2", "Topic3", "Topic4", "Topic5", "Topic6", "Topic7", "Topic8", "Topic12", "Topic10", "Topic11", "Topic12", "Topic1", "Topic4", "Topic5", "Topic7", "Topic9", "Topic9", "Topic10", "Topic12", "Topic1", "Topic7", "Topic10", "Topic11", "Topic2", "Topic5", "Topic7", "Topic11", "Topic12", "Topic12", "Topic1", "Topic7", "Topic8", "Topic1", "Topic1", "Topic3", "Topic6", "Topic7", "Topic8", "Topic11", "Topic4", "Topic5", "Topic6", "Topic3", "Topic5", "Topic7", "Topic8", "Topic1", "Topic3", "Topic9", "Topic10", "Topic2", "Topic5", "Topic6", "Topic8", "Topic9", "Topic9", "Topic11", "Topic12", "Topic1", "Topic7", "Topic8", "Topic9", "Topic12", "Topic10", "Topic3", "Topic2", "Topic8", "Topic10", "Topic10", "Topic11", "Topic1", "Topic6", "Topic10", "Topic12", "Topic4", "Topic7", "Topic9", "Topic10", "Topic11", "Topic6", "Topic8", "Topic10", "Topic12", "Topic4", "Topic4", "Topic1", "Topic7", "Topic9", "Topic10", "Topic1", "Topic3", "Topic6", "Topic1", "Topic5", "Topic7", "Topic1", "Topic2", "Topic3", "Topic5", "Topic3", "Topic3", "Topic5", "Topic2", "Topic3", "Topic4", "Topic6", "Topic7", "Topic9", "Topic11", "Topic1", "Topic8", "Topic9", "Topic9", "Topic2", "Topic3", "Topic5", "Topic6", "Topic8", "Topic11", "Topic7", "Topic12", "Topic2", "Topic3", "Topic9", "Topic1", "Topic8", "Topic12", "Topic4", "Topic11", "Topic7", "Topic9", "Topic12", "Topic9", "Topic11", "Topic3", "Topic5", "Topic11", "Topic1", "Topic3", "Topic4", "Topic10", "Topic1", "Topic12", "Topic2", "Topic3", "Topic8", "Topic1", "Topic7", "Topic9", "Topic12", "Topic6", "Topic8", "Topic7", "Topic3", "Topic4", "Topic7", "Topic6", "Topic11", "Topic5", "Topic11", "Topic3", "Topic2", "Topic7", "Topic7", "Topic9", "Topic10", "Topic11", "Topic2", "Topic1", "Topic2", "Topic8", "Topic10", "Topic3", "Topic4", "Topic5", "Topic12", "Topic5", "Topic11", "Topic7", "Topic9", "Topic3", "Topic4", "Topic10", "Topic12", "Topic9", "Topic11", "Topic12", "Topic5", "Topic6", "Topic9", "Topic6", "Topic7", "Topic2", "Topic6", "Topic10", "Topic11", "Topic8", "Topic1", "Topic2", "Topic8", "Topic5", "Topic4", "Topic10", "Topic1", "Topic9", "Topic12", "Topic8", "Topic4", "Topic10", "Topic4", "Topic9", "Topic7", "Topic11" ] 
},
"token.table": {
 "Term": [ "abdominal", "abdominal", "absolutely", "absolutely", "absolutely", "absolutely", "absolutely", "access", "access", "access", "accident", "accident", "accident", "accident", "account", "adequate", "admin", "administrator", "admitted", "admitted", "admitted", "admitted", "admitted", "afford", "agency", "ago", "ago", "ago", "ago", "ago", "ago", "ago", "ahead", "ahead", "ahead", "ahead", "al", "alive", "allergic", "allergic", "allergic", "allergic", "amazing", "ambulance", "ambulance", "ambulance", "america", "amount", "anesthesia", "anesthesia", "ankle", "ankle", "ankle", "answer", "answer", "answer", "answered", "answered", "answered", "answered", "answering", "answering", "answers", "answers", "antibiotics", "antibiotics", "antibiotics", "antibiotics", "appointment", "appointments", "appropriate", "appropriate", "appt", "area", "area", "area", "area", "area", "areas", "aren't", "aren't", "aren't", "aren't", "arrived", "arrived", "arrived", "arrived", "ashamed", "ashamed", "asked", "asked", "asked", "asked", "asked", "asks", "ass", "ass", "ass", "asthma", "asthma", "asthma", "atenci", "attack", "attempted", "attempted", "attention", "attention", "attention", "attention", "attention", "attitude", "attitude", "attitude", "attitude", "attitudes", "attitudes", "attitudes", "awful", "awful", "awful", "babies", "baby", "baby", "bad", "bad", "bad", "bad", "balance", "bandage", "bathroom", "bathroom", "bathroom", "bathrooms", "bathrooms", "beautiful", "beautiful", "bed", "beds", "beds", "beds", "beds", "beds", "beds", "behavior", "beings", "best", "best", "best", "better", "better", "better", "better", "better", "better", "bien", "bill", "bill", "billed", "billed", "billing", "billing", "bills", "bills", "birth", "birthing", "black", "black", "black", "black", "bladder", "blanket", "blanket", "bleeding", "bleeding", "bleeding", "bless", "bless", "blood", "blood", "blood", "blood", "board", "board", "board", "board", "bone", "born", "born", "born", "boy", "brain", "brain", "breast", "breast", "broke", "broke", "broken", "broken", "brother", "brother", "buena", "building", "building", "building", "building", "building", "building", "business", "business", "business", "business", "business", "busy", "busy", "button", "button", "button", "call", "call", "called", "called", "called", "called", "calling", "calling", "calling", "calling", "cancelled", "cancer", "cancer", "cancer", "car", "car", "car", "car", "card", "card", "card", "cardiac", "cardiac", "cardiac", "cardiologist", "cardiologist", "cardiologist", "cardiologist", "care", "care", "care", "care", "care", "care", "careless", "caring", "caring", "caring", "caring", "cash", "cat", "cat", "causing", "ccu", "center", "center", "center", "center", "center", "chair", "change", "change", "change", "charge", "charge", "charge", "charged", "charges", "charges", "check", "check", "check", "check", "check", "checked", "checked", "checked", "checked", "checked", "chemo", "chest", "chest", "chest", "child", "child", "children", "children", "children", "children's", "children's", "christmas", "city", "city", "city", "clean", "clean", "clean", "clean", "clean", "cleveland", "client", "clinic", "clinic", "clinical", "cmc", "cna's", "coffee", "coffee", "collection", "collections", "colonoscopy", "comfortable", "comfortable", "comfortable", "comfortable", "comfortable", "coming", "coming", "coming", "coming", "coming", "coming", "committed", "community", "community", "community", "como", "company", "company", "compassion", "compassion", "compassion", "compassionate", "compassionate", "compassionate", "compassionate", "compassionate", "compassionate", "con", "concussion", "condition", "condition", "condition", "condition", "condition", "conditions", "conditions", "conditions", "consider", "consider", "consider", "consider", "continuing", "continuing", "contractions", "contractions", "cool", "cool", "cool", "cost", "couldn't", "couldn't", "couldn't", "couldn't", "couldn't", "country", "country", "country", "country", "courteous", "courteous", "courteous", "courteous", "cousin", "covered", "covered", "covered", "credit", "credit", "ct", "cup", "cut", "cut", "cut", "cut", "cyst", "dad", "daughter", "daughter", "daughter", "daughter", "daughter", "daughter", "daughter's", "day", "day", "day", "day", "day", "days", "days", "days", "days", "days", "de", "death", "death", "death", "debt", "definitely", "definitely", "definitely", "definitely", "definitely", "delay", "deliver", "deliver", "deliver", "delivered", "delivering", "delivery", "department", "deserve", "deserve", "deserve", "deserve", "desk", "desk", "desk", "desk", "dialysis", "die", "die", "die", "die", "die", "died", "died", "died", "dignity", "directions", "directions", "dirty", "dirty", "dirty", "disconnected", "discuss", "disgusting", "disgusting", "disgusting", "disrespectful", "disrespectful", "disrespectful", "doctor", "doctor", "doctor", "doctor", "doctor", "doctor", "doctors", "doctors", "doctors", "doctors", "dog", "dog", "dogs", "dollars", "don", "dont", "dont", "door", "door", "door", "door", "door", "dr", "dr", "dr", "dr", "dr", "dr's", "dr's", "dressed", "drinking", "drive", "drive", "drive", "drive", "drug", "drug", "drugs", "drugs", "drugs", "dump", "ear", "efficient", "efficient", "efficient", "efficient", "efficient", "el", "elbow", "emergency", "emergency", "emergency", "emergency", "emergency", "emergency", "emergency", "emergency", "empathy", "empathy", "empathy", "employees", "employees", "employees", "employees", "en", "enfermeras", "epidural", "equally", "er", "er", "er", "er", "ER", "ER", "ER", "ER", "ER", "ER", "ER", "es", "este", "excelente", "excellent", "excellent", "excellent", "excellent", "expensive", "expensive", "experience", "experience", "experience", "experience", "experience", "experienced", "experienced", "experienced", "experienced", "experienced", "extreme", "extremely", "extremely", "extremely", "extremely", "extremely", "extremely", "extremely", "facilities", "facilities", "facilities", "facility", "facility", "facility", "failure", "failure", "failure", "families", "families", "families", "family", "family", "family", "fast", "fast", "fast", "fast", "fast", "faster", "father", "feel", "feel", "feel", "feel", "feelings", "feels", "feels", "feels", "feels", "felt", "felt", "felt", "felt", "felt", "felt", "female", "female", "fever", "fever", "fever", "field", "field", "field", "filthy", "filthy", "finally", "finally", "finally", "finally", "finally", "finally", "finally", "find", "find", "find", "find", "finger", "finger", "fixing", "fixing", "floor", "floor", "floor", "focus", "follow", "follow", "follow", "food", "food", "foot", "foot", "forever", "forever", "forever", "forever", "fracture", "fractured", "fractured", "francis", "francis", "friendly", "friendly", "friendly", "friendly", "friendly", "front", "front", "front", "front", "front", "front", "full", "full", "full", "full", "full", "full", "fun", "fun", "generally", "generally", "gentle", "genuinely", "god", "god", "god", "god", "going", "going", "going", "going", "going", "going", "going", "gonna", "gonna", "good", "good", "good", "good", "gossip", "government", "gown", "gracias", "grandma", "grandmother", "grandmother", "great", "great", "great", "guard", "guess", "guess", "guess", "guess", "guess", "guess", "half", "half", "half", "half", "hall", "hall", "hand", "hand", "hand", "hand", "happy", "happy", "happy", "happy", "happy", "hard", "hard", "hard", "hard", "hate", "hate", "havent", "he's", "he's", "healing", "health", "health", "heart", "heck", "heck", "heck", "hell", "hell", "hell", "hell", "help", "help", "help", "helped", "helped", "helped", "helped", "helpful", "helpful", "helpful", "helpful", "helpful", "helps", "helps", "helps", "henry", "hey", "hey", "hey", "high", "high", "high", "high", "highly", "highly", "highly", "highly", "hip", "hip", "hire", "hire", "hold", "hold", "hold", "hold", "holding", "hoping", "horrible", "horrible", "hospice", "hospice", "hospital", "hospital", "hospital", "hospital", "hospital", "hospital", "hospital", "hospitals", "hospitals", "hospitals", "hospitals", "hour", "hour", "hours", "hours", "hours", "hr", "hr", "hr", "hrs", "hrs", "human", "human", "human", "human", "human", "hung", "husband", "husband", "husband", "husband", "husband", "i'd", "i'd", "i'm", "i'm", "i'm", "i'm", "icu", "impression", "infection", "infection", "info", "info", "informative", "informative", "informative", "injury", "injury", "injury", "insurance", "interested", "interested", "it's", "it's", "it's", "iv", "iv", "ive", "ive", "ive", "ive", "jerk", "jerk", "jersey", "job", "job", "job", "job", "job", "job", "john", "john", "joke", "joseph", "jump", "jump", "jump", "keep", "keep", "keep", "keep", "keep", "kidney", "kidney", "killed", "killed", "kind", "kind", "kind", "kind", "kinda", "kinda", "knee", "knee", "knee", "knowledge", "knowledge", "la", "labor", "labor", "laceration", "lack", "lack", "lack", "lack", "lack", "lacking", "lacking", "lacking", "lactation", "lady", "lady", "lady", "lady", "las", "las", "laughing", "laughing", "laughing", "law", "law", "law", "laws", "lay", "lay", "lazy", "lazy", "lazy", "le", "leave", "leave", "leave", "leave", "lee", "left", "left", "left", "left", "let's", "let's", "letter", "letter", "level", "level", "level", "level", "level", "life", "life", "life", "lights", "live", "live", "live", "live", "liver", "lo", "lo", "lobby", "lobby", "lobby", "location", "location", "location", "location", "locked", "long", "long", "los", "los", "lot", "lot", "lot", "lot", "lot", "lot", "lot", "lot", "loud", "loud", "love", "love", "loved", "loved", "lukes", "lung", "lung", "mail", "major", "major", "major", "major", "male", "male", "man", "man", "man", "management", "management", "management", "manager", "manager", "manager", "manager", "manner", "manner", "mary", "mary", "mary", "mary's", "mary's", "maternity", "mayo", "medical", "medical", "medical", "medication", "medications", "medications", "medications", "medications", "medications", "medicine", "medicine", "medicine", "medicine", "medicine", "medicine", "meds", "meds", "mejor", "member", "member", "member", "member", "mental", "mental", "mental", "message", "metro", "mi", "min", "min", "min", "minutes", "minutes", "minutes", "minutes", "minutes", "mom", "mom", "mom", "mom", "money", "monitor", "monitor", "month", "month", "month", "month", "month", "month", "months", "months", "months", "months", "months", "morphine", "mother", "mother", "ms", "muy", "muy", "nasty", "nasty", "nasty", "nasty", "nasty", "natural", "nature", "needed", "needed", "needed", "needed", "needed", "needed", "needed", "negligence", "network", "newborn", "newborn", "nice", "nice", "nice", "nice", "nice", "nice", "nice", "nicu", "night", "night", "night", "night", "night", "night", "nope", "nope", "normal", "notch", "number", "number", "number", "nurse", "nurse", "nurse", "nurse", "nursery", "nurses", "nurses", "nurses", "nurses", "nurses", "nurses", "nurses", "nursing", "nursing", "nursing", "nursing", "ob", "obnoxious", "observed", "office", "office", "ohio", "op", "operation", "operation", "operator", "order", "order", "order", "order", "ordered", "ordered", "ordered", "ordered", "orthopedic", "orthopedic", "orthopedic", "orthopedic", "outpatient", "outpatient", "outpatient", "outrageous", "overnight", "overnight", "overnight", "owe", "oxygen", "packed", "paid", "pain", "pain", "painful", "painful", "pains", "pains", "paper", "paper", "paper", "paper", "paper", "para", "parking", "patient", "patient", "patient", "patient", "patient", "patient", "patient", "patients", "patients", "patients", "patients", "patients", "pay", "pay", "pay", "paying", "paying", "paying", "payment", "payment", "pediatric", "pediatric", "pediatrics", "people", "people", "people", "people", "performed", "performed", "performed", "performed", "performed", "person", "person", "person", "person", "person", "pharmacy", "pharmacy", "phone", "phone", "physical", "physical", "physical", "physicians", "physicians", "physicians", "pillow", "place", "place", "place", "place", "place", "plan", "plan", "plan", "plan", "plan", "plan", "play", "play", "play", "pleasant", "pleasant", "pleasure", "pm", "pm", "pneumonia", "pneumonia", "poor", "poor", "poor", "poor", "poor", "por", "por", "post", "post", "post", "post", "ppl", "ppl", "pre", "pre", "pre", "pre", "pregnant", "pregnant", "pregnant", "pregnant", "prescribe", "prescribed", "prescribed", "pressure", "pressure", "pretty", "pretty", "pretty", "pretty", "pretty", "primary", "primary", "prison", "procedure", "procedure", "procedure", "procedure", "profession", "professional", "professional", "professional", "professionals", "prompt", "prompt", "prompt", "providing", "providing", "providing", "psychiatric", "psychiatrist", "pt", "ptsd", "ptsd", "ptsd", "public", "public", "pushed", "pushed", "qualified", "qualified", "quality", "quality", "quality", "question", "question", "questions", "questions", "questions", "questions", "questions", "questions", "quick", "quick", "quick", "ray", "ray", "rays", "rays", "reach", "reaction", "reaction", "real", "real", "real", "real", "real", "real", "real", "realize", "realize", "receive", "receive", "receive", "receive", "received", "received", "received", "recommend", "recommend", "recommend", "records", "records", "recovery", "recovery", "recovery", "recovery", "referral", "regional", "regional", "rehabilitation", "replacement", "replacement", "resources", "respect", "respect", "respect", "respect", "restroom", "restroom", "return", "return", "return", "return", "reviews", "reviews", "reviews", "reviews", "reviews", "reviews", "rn", "rn", "rn", "rn", "rn's", "room", "room", "room", "rooms", "rooms", "rooms", "rooms", "rooms", "rose", "rude", "rude", "rude", "ruptured", "sad", "sad", "sad", "sad", "saint", "sat", "sat", "sat", "saved", "saving", "scan", "scans", "schedule", "schedule", "schedule", "scheduled", "scheduled", "scheduled", "se", "security", "security", "send", "send", "send", "send", "send", "sending", "sending", "separate", "seriously", "seriously", "seriously", "seriously", "service", "service", "service", "service", "service", "services", "services", "services", "servicio", "servicio", "severe", "severe", "she's", "she's", "sheets", "shit", "shortness", "shower", "shut", "shut", "shut", "si", "sick", "sick", "sick", "sick", "sick", "sinai", "sister", "sister", "sitting", "sitting", "sitting", "sitting", "skip", "skip", "sleep", "sleep", "sleep", "sleep", "sleep", "slow", "slow", "smells", "son", "son", "son", "son", "son", "speak", "speak", "speak", "speak", "specialist", "specialist", "spent", "spent", "spent", "spent", "spent", "splint", "spoke", "spoke", "spoke", "spoke", "sprain", "st", "st", "staff", "staff", "staff", "staff", "staff", "stage", "stand", "stand", "stand", "stand", "standards", "standards", "standing", "standing", "standing", "star", "star", "star", "star", "stars", "stars", "stars", "started", "started", "started", "started", "started", "state", "state", "state", "states", "states", "states", "station", "station", "station", "station", "stay", "stay", "stay", "stay", "stays", "stays", "stitch", "stitches", "stitches", "stitches", "stitches", "stomach", "stomach", "stone", "stone", "strep", "stroke", "stroke", "su", "suck", "sucks", "suffered", "suffered", "sure", "sure", "sure", "sure", "sure", "sure", "sure", "sure", "surgeon", "surgeons", "surgeons", "surgeons", "surgeries", "surgeries", "surgery", "surgical", "surgical", "surgical", "sweet", "sweet", "sweet", "symptoms", "symptoms", "t", "t", "table", "takes", "takes", "takes", "talk", "talk", "talk", "talk", "talk", "talk", "teaching", "teaching", "team", "team", "team", "tech", "tech", "tech", "tech", "technology", "terrible", "terrible", "terrible", "test", "test", "test", "test", "test", "tests", "tests", "tests", "tests", "tests", "that's", "that's", "that's", "that's", "therapy", "therapy", "there's", "there's", "they're", "they're", "they're", "they're", "they're", "they're", "thing", "thing", "thing", "thing", "things", "things", "things", "things", "things", "things", "things", "thinks", "thinks", "thomas", "thorough", "thorough", "three", "three", "three", "three", "three", "three", "thumb", "time", "time", "time", "time", "time", "time", "time", "time", "times", "times", "times", "times", "times", "times", "times", "today", "today", "today", "today", "today", "today", "todo", "told", "told", "told", "tooth", "top", "top", "top", "top", "top", "torn", "trained", "trained", "trained", "trained", "training", "training", "training", "training", "transplant", "transportation", "transported", "transported", "transported", "transported", "treat", "treat", "treated", "treated", "treated", "treated", "treated", "treated", "treated", "treatment", "treatment", "treatment", "treatment", "treatment", "treatment", "treatment", "triage", "una", "uncaring", "uncaring", "uncaring", "understand", "understand", "understand", "understand", "understand", "unfriendly", "unfriendly", "unhelpful", "unhelpful", "unprofessional", "unprofessional", "ur", "urine", "urine", "urine", "urine", "uti", "va", "va", "valet", "violation", "virus", "visit", "visit", "visit", "visit", "visit", "voicemail", "vomiting", "wait", "wait", "waited", "waited", "waited", "waited", "waited", "waited", "waiting", "waiting", "walk", "walk", "walk", "walk", "walk", "walk", "walked", "walked", "walked", "wall", "wall", "wanna", "wanted", "wanted", "wanted", "wanted", "wanted", "wanted", "ward", "wasn't", "wasn't", "wasn't", "wasn't", "water", "we'd", "we'd", "we'd", "we're", "we're", "we're", "we're", "wear", "wearing", "weather", "weather", "weather", "weather", "welcoming", "well", "well", "well", "well", "well", "well", "well", "well", "what's", "what's", "what's", "wheel", "wheel", "wheelchair", "wheelchair", "wheeled", "wheeled", "wife", "wife", "wife", "wife", "will", "will", "will", "will", "will", "witnessed", "woman", "woman", "woman", "won't", "won't", "won't", "won't", "wonderful", "wonderful", "wonderful", "work", "work", "work", "work", "work", "work", "work", "worse", "worse", "worse", "worse", "worst", "worthless", "worthless", "wouldn't", "wouldn't", "wouldn't", "wouldn't", "wouldn't", "wouldn't", "wound", "wound", "wound", "wound", "wound", "wrist", "wrong", "wrong", "wrong", "wrong", "year", "year", "year", "year", "year", "year", "years", "years", "years", "years", "years", "years", "years", "yelling", "you're", "you're", "you're", "you're", "you're" ],
"Topic": [ 2, 6, 3, 7, 8, 10, 11, 2, 3, 8, 2, 3, 6, 8, 4, 5, 3, 3, 2, 3, 7, 8, 9, 4, 4, 3, 4, 6, 8, 9, 10, 12, 3, 4, 6, 7, 12, 8, 1, 2, 3, 7, 10, 6, 8, 10, 5, 4, 3, 9, 6, 8, 12, 3, 10, 12, 3, 8, 10, 11, 3, 8, 2, 3, 2, 4, 5, 7, 3, 3, 5, 8, 3, 3, 6, 9, 10, 11, 5, 1, 3, 4, 7, 1, 3, 6, 12, 3, 11, 1, 2, 3, 4, 6, 1, 1, 11, 12, 4, 7, 8, 12, 8, 1, 3, 5, 7, 8, 9, 12, 1, 7, 11, 12, 1, 5, 11, 4, 7, 11, 10, 2, 10, 2, 3, 7, 11, 4, 6, 1, 6, 9, 5, 11, 10, 12, 1, 1, 5, 6, 8, 10, 11, 5, 5, 9, 10, 12, 5, 6, 7, 9, 11, 12, 12, 4, 7, 3, 4, 2, 4, 4, 8, 10, 10, 1, 5, 7, 9, 2, 1, 6, 2, 6, 9, 8, 12, 1, 2, 3, 11, 1, 4, 5, 8, 6, 5, 10, 12, 10, 8, 12, 9, 10, 6, 8, 6, 11, 3, 8, 12, 1, 3, 4, 7, 10, 11, 1, 3, 4, 7, 12, 6, 7, 1, 4, 9, 3, 4, 1, 3, 4, 6, 1, 3, 4, 11, 3, 2, 5, 8, 1, 6, 7, 11, 4, 6, 8, 3, 6, 8, 4, 5, 6, 8, 2, 5, 6, 8, 9, 12, 11, 7, 9, 10, 12, 4, 2, 8, 2, 8, 2, 3, 4, 5, 9, 1, 1, 3, 11, 1, 4, 7, 4, 4, 11, 1, 2, 4, 6, 7, 1, 2, 4, 6, 12, 8, 2, 3, 6, 8, 10, 1, 5, 10, 9, 10, 9, 5, 9, 11, 7, 8, 9, 10, 12, 3, 3, 1, 3, 5, 5, 9, 5, 9, 4, 4, 9, 1, 7, 8, 9, 10, 1, 2, 6, 7, 8, 11, 5, 5, 6, 8, 12, 4, 6, 5, 8, 9, 3, 6, 9, 10, 11, 12, 12, 6, 2, 5, 8, 10, 12, 5, 8, 9, 4, 5, 7, 8, 4, 7, 2, 10, 2, 7, 10, 4, 1, 2, 7, 8, 10, 3, 4, 5, 6, 1, 5, 10, 12, 8, 4, 9, 10, 4, 5, 2, 1, 3, 4, 6, 9, 2, 8, 2, 3, 6, 7, 8, 10, 10, 1, 2, 3, 8, 9, 2, 4, 6, 8, 9, 12, 2, 8, 10, 4, 3, 8, 10, 11, 12, 3, 3, 8, 10, 10, 10, 10, 4, 2, 7, 10, 11, 1, 6, 7, 8, 8, 1, 8, 10, 11, 12, 4, 8, 11, 5, 2, 3, 6, 8, 11, 3, 3, 4, 6, 11, 5, 7, 11, 2, 3, 4, 6, 7, 8, 5, 8, 11, 12, 2, 11, 11, 4, 9, 7, 11, 1, 3, 5, 6, 12, 2, 8, 9, 10, 12, 1, 9, 1, 1, 3, 4, 6, 11, 2, 11, 2, 7, 9, 11, 2, 4, 8, 10, 11, 12, 12, 6, 1, 2, 4, 6, 8, 9, 11, 12, 1, 5, 8, 2, 3, 5, 6, 12, 12, 10, 5, 6, 7, 11, 12, 2, 5, 6, 7, 8, 11, 12, 12, 12, 12, 8, 10, 11, 12, 4, 6, 6, 9, 10, 11, 12, 5, 8, 9, 11, 12, 2, 3, 4, 5, 7, 10, 11, 12, 4, 5, 12, 5, 9, 12, 5, 8, 11, 3, 5, 12, 5, 8, 10, 3, 6, 7, 10, 12, 6, 8, 7, 8, 9, 10, 5, 1, 6, 7, 9, 1, 2, 5, 7, 9, 10, 1, 7, 2, 9, 12, 5, 9, 11, 1, 11, 1, 2, 3, 5, 6, 11, 12, 1, 2, 3, 7, 6, 8, 7, 9, 1, 8, 9, 5, 2, 3, 7, 9, 10, 6, 12, 8, 10, 11, 12, 6, 1, 6, 7, 9, 2, 9, 10, 11, 12, 1, 3, 4, 6, 8, 11, 1, 4, 5, 8, 9, 10, 7, 11, 1, 5, 10, 10, 1, 8, 11, 12, 1, 2, 4, 7, 9, 11, 12, 7, 11, 8, 9, 10, 12, 11, 5, 1, 12, 8, 4, 8, 5, 10, 12, 1, 1, 2, 3, 4, 7, 9, 2, 5, 6, 7, 1, 11, 1, 4, 6, 11, 2, 4, 7, 9, 10, 1, 5, 7, 8, 7, 11, 11, 3, 7, 9, 4, 5, 8, 4, 7, 9, 2, 3, 7, 11, 1, 7, 11, 1, 6, 9, 10, 1, 3, 9, 10, 12, 4, 7, 10, 9, 1, 7, 9, 2, 4, 5, 7, 5, 10, 11, 12, 2, 9, 5, 11, 3, 8, 10, 11, 1, 7, 6, 11, 8, 11, 4, 5, 7, 8, 9, 11, 12, 3, 5, 8, 12, 3, 6, 2, 6, 7, 6, 7, 11, 3, 6, 1, 3, 5, 7, 11, 3, 1, 2, 6, 9, 10, 4, 7, 4, 6, 7, 9, 8, 3, 2, 6, 3, 4, 3, 9, 10, 4, 6, 9, 4, 3, 5, 4, 7, 11, 1, 2, 6, 8, 10, 11, 3, 7, 5, 4, 7, 8, 9, 11, 12, 9, 11, 11, 9, 3, 6, 7, 4, 7, 8, 9, 10, 1, 2, 5, 8, 3, 9, 10, 12, 3, 7, 2, 9, 12, 5, 12, 12, 8, 10, 6, 3, 4, 5, 10, 11, 2, 5, 10, 10, 1, 3, 4, 7, 7, 12, 1, 2, 8, 1, 5, 8, 5, 1, 3, 4, 8, 11, 12, 1, 3, 6, 7, 9, 1, 2, 3, 6, 5, 7, 4, 8, 2, 5, 7, 8, 9, 8, 11, 12, 1, 3, 4, 8, 11, 8, 8, 12, 2, 6, 10, 2, 3, 4, 5, 1, 6, 7, 5, 12, 1, 2, 3, 6, 7, 8, 9, 10, 1, 11, 10, 12, 8, 10, 9, 3, 8, 4, 2, 5, 6, 9, 1, 5, 1, 5, 9, 3, 5, 8, 1, 3, 4, 10, 5, 10, 4, 9, 11, 1, 9, 10, 9, 3, 4, 5, 2, 2, 5, 7, 9, 11, 1, 2, 4, 7, 9, 12, 2, 9, 12, 3, 5, 8, 12, 3, 5, 6, 3, 3, 12, 1, 3, 6, 1, 3, 4, 6, 12, 1, 6, 8, 11, 4, 1, 2, 2, 3, 4, 5, 6, 8, 3, 4, 8, 9, 11, 2, 8, 11, 9, 1, 12, 1, 2, 6, 10, 11, 10, 5, 1, 2, 3, 6, 7, 8, 9, 8, 4, 10, 11, 3, 5, 6, 7, 10, 11, 12, 10, 1, 2, 4, 7, 9, 12, 3, 7, 2, 12, 1, 3, 4, 1, 2, 6, 7, 10, 1, 4, 8, 9, 10, 11, 12, 3, 8, 9, 12, 10, 11, 5, 3, 4, 5, 9, 3, 9, 3, 2, 3, 9, 10, 2, 6, 9, 10, 3, 4, 9, 12, 4, 8, 9, 4, 2, 8, 9, 4, 8, 6, 4, 2, 6, 1, 2, 2, 6, 1, 2, 3, 4, 9, 12, 3, 3, 4, 5, 7, 8, 9, 10, 1, 5, 7, 11, 12, 4, 7, 10, 2, 4, 5, 4, 7, 7, 10, 10, 5, 7, 8, 11, 1, 4, 6, 7, 9, 1, 3, 5, 7, 10, 3, 6, 3, 4, 3, 5, 9, 2, 4, 5, 1, 2, 3, 4, 7, 11, 1, 4, 5, 6, 8, 10, 1, 4, 7, 3, 10, 10, 1, 6, 3, 8, 1, 2, 4, 5, 11, 2, 12, 4, 9, 10, 11, 4, 11, 2, 6, 8, 9, 2, 3, 6, 10, 2, 1, 2, 2, 11, 4, 6, 7, 9, 12, 2, 3, 11, 4, 8, 9, 11, 5, 4, 10, 12, 5, 4, 9, 12, 2, 5, 12, 5, 5, 9, 2, 6, 7, 3, 5, 1, 7, 1, 5, 2, 5, 12, 3, 8, 1, 2, 3, 9, 10, 11, 6, 10, 12, 2, 6, 2, 6, 3, 2, 10, 2, 3, 4, 6, 7, 8, 11, 7, 8, 3, 4, 5, 12, 4, 8, 12, 7, 10, 12, 3, 11, 8, 9, 10, 12, 3, 4, 5, 8, 3, 9, 5, 3, 5, 7, 12, 1, 9, 2, 3, 4, 9, 4, 5, 7, 10, 11, 12, 1, 6, 9, 12, 9, 1, 5, 6, 1, 6, 8, 9, 10, 9, 1, 11, 12, 2, 5, 6, 11, 12, 9, 5, 6, 7, 8, 8, 2, 2, 3, 5, 12, 3, 6, 9, 12, 1, 11, 2, 3, 4, 7, 11, 4, 7, 4, 3, 7, 11, 12, 3, 4, 5, 11, 12, 4, 5, 6, 11, 12, 2, 12, 7, 8, 1, 11, 2, 1, 1, 4, 11, 12, 1, 6, 7, 8, 11, 12, 1, 8, 4, 6, 8, 9, 7, 11, 1, 2, 4, 6, 8, 11, 12, 11, 5, 6, 8, 10, 12, 1, 3, 4, 11, 2, 3, 1, 3, 6, 8, 9, 6, 1, 3, 4, 12, 6, 8, 9, 5, 8, 9, 10, 12, 8, 1, 4, 8, 12, 5, 12, 1, 4, 7, 6, 8, 9, 11, 8, 10, 11, 1, 2, 7, 8, 10, 3, 5, 8, 3, 5, 9, 1, 4, 10, 11, 8, 9, 10, 11, 9, 12, 6, 5, 6, 10, 12, 2, 6, 2, 11, 2, 8, 9, 12, 11, 11, 8, 12, 1, 3, 4, 7, 8, 9, 10, 11, 9, 6, 9, 11, 5, 9, 9, 2, 6, 9, 7, 8, 10, 2, 9, 2, 9, 1, 4, 7, 11, 1, 3, 4, 6, 7, 11, 5, 8, 4, 8, 9, 1, 4, 9, 11, 5, 4, 7, 11, 2, 3, 4, 5, 6, 2, 4, 5, 8, 11, 3, 7, 10, 11, 1, 9, 1, 7, 4, 5, 6, 7, 10, 11, 1, 4, 7, 11, 2, 3, 7, 8, 9, 10, 12, 5, 7, 9, 10, 12, 4, 5, 6, 7, 8, 9, 6, 3, 4, 6, 7, 8, 9, 10, 11, 2, 3, 4, 5, 7, 8, 11, 3, 4, 7, 8, 9, 12, 12, 1, 2, 4, 2, 1, 5, 9, 10, 12, 6, 5, 6, 9, 10, 1, 4, 5, 7, 8, 3, 4, 6, 7, 8, 5, 7, 5, 7, 8, 9, 10, 11, 12, 1, 3, 4, 5, 6, 8, 11, 6, 12, 1, 10, 11, 3, 5, 7, 8, 10, 2, 11, 8, 11, 5, 11, 11, 1, 2, 7, 11, 2, 3, 12, 3, 5, 2, 3, 4, 6, 7, 9, 3, 2, 3, 6, 2, 6, 7, 9, 10, 11, 1, 6, 1, 2, 3, 6, 7, 9, 1, 2, 6, 1, 5, 11, 1, 2, 3, 4, 7, 8, 10, 1, 2, 6, 7, 1, 7, 8, 10, 1, 2, 6, 7, 1, 1, 1, 4, 7, 10, 10, 3, 4, 5, 7, 8, 9, 10, 12, 1, 5, 7, 1, 12, 1, 2, 1, 7, 3, 6, 9, 10, 3, 4, 5, 7, 11, 5, 1, 3, 11, 1, 4, 7, 8, 5, 10, 12, 3, 4, 5, 6, 7, 9, 11, 2, 7, 8, 11, 11, 11, 12, 1, 2, 4, 7, 11, 12, 1, 3, 4, 6, 9, 6, 2, 4, 7, 10, 1, 4, 6, 7, 8, 10, 3, 4, 5, 7, 8, 9, 12, 1, 4, 5, 6, 7, 8 ],
"Freq": [ 0.99251, 0.0051873, 0.0015996, 0.053853, 0.11091, 0.18129, 0.6521, 0.0098375, 0.98375, 0.0049188, 0.0011493, 0.0034479, 0.96772, 0.026434, 0.99782, 0.99348, 0.99195, 0.99595, 0.040517, 0.0048235, 0.00032157, 0.71452, 0.23989, 0.99504, 0.99804, 0.17124, 0.27102, 0.010787, 0.042698, 0.47866, 0.022472, 0.0026967, 0.0022286, 0.069086, 0.92487, 0.0044572, 0.99351, 0.99874, 0.0073682, 0.98488, 0.0049121, 0.0049121, 0.99979, 0.38265, 0.61598, 0.0012444, 0.99773, 0.99859, 0.0052677, 0.99034, 0.99454, 0.002474, 0.002474, 0.99774, 0.0008477, 0.0008477, 0.82631, 0.0033935, 0.16798, 0.0016967, 0.98639, 0.0092186, 0.0020207, 0.99621, 0.99239, 0.001682, 0.003364, 0.003364, 0.99966, 0.99867, 0.97545, 0.021438, 0.99676, 0.18312, 0.52679, 0.28746, 0.00042586, 0.0021293, 0.99641, 0.015579, 0.0051931, 0.072703, 0.9062, 0.28526, 0.040752, 0.67316, 0.00075467, 0.0061457, 0.98945, 0.76625, 0.13047, 0.064166, 0.038856, 0.00017824, 0.99743, 0.037118, 0.95495, 0.0033744, 0.0036349, 0.0036349, 0.99233, 0.99285, 0.99967, 0.005931, 0.99048, 0.57848, 0.049923, 0.011886, 0.015849, 0.34392, 0.25869, 0.013022, 0.71705, 0.010417, 0.0036731, 0.014692, 0.97703, 0.020602, 0.0053745, 0.97369, 0.99851, 0.00054579, 0.99934, 0.0067311, 0.0011539, 0.56022, 0.43156, 0.99515, 0.99459, 0.99709, 0.0012916, 0.0012916, 0.0073678, 0.98728, 0.95549, 0.043702, 0.99961, 0.010506, 0.0026266, 0.93769, 0.013133, 0.0052532, 0.028892, 0.99641, 0.99117, 0.054971, 0.12333, 0.82171, 0.051179, 0.0034119, 0.4568, 0.15053, 0.19247, 0.14551, 0.99562, 0.99865, 0.001168, 0.0014125, 0.99724, 0.00041831, 0.99934, 0.99752, 0.0019714, 0.99965, 0.99587, 0.97758, 0.0030839, 0.012335, 0.0061677, 0.99675, 0.99137, 0.006767, 0.029323, 0.96161, 0.0091004, 0.060015, 0.93864, 0.067944, 0.92779, 0.0040468, 0.00021299, 0.0065122, 0.013024, 0.94753, 0.029305, 0.99811, 0.0017331, 0.99478, 0.0025996, 0.99856, 0.99674, 0.0021621, 0.0045293, 0.99193, 0.99009, 0.0082508, 0.99074, 0.0085778, 0.0066404, 0.99207, 0.99593, 0.0035311, 0.92338, 0.0017655, 0.0052966, 0.061794, 0.0052966, 0.0012211, 0.10868, 0.88655, 0.0024423, 0.0012211, 0.69076, 0.30838, 0.98456, 0.00248, 0.0124, 0.85284, 0.1472, 0.023541, 0.70172, 0.20151, 0.07326, 0.0037589, 0.81318, 0.17918, 0.0037589, 0.99377, 0.0030928, 0.0010309, 0.99484, 0.34596, 0.64723, 0.00089396, 0.0053638, 0.99023, 0.0021668, 0.0065004, 0.028066, 0.0064767, 0.96288, 0.006887, 0.0034435, 0.0034435, 0.98484, 0.00040674, 0.31423, 0.00018078, 0.11768, 0.18001, 0.38745, 0.99532, 0.00029656, 0.0026691, 0.17023, 0.82682, 0.99804, 0.99556, 0.0024521, 0.99657, 0.99654, 0.00032663, 0.019271, 0.0075124, 0.81788, 0.15482, 0.9987, 0.70529, 0.26206, 0.032353, 0.016516, 0.98196, 0.00075073, 0.9996,  0.997, 0.0022156, 0.38933, 0.0084318, 0.21226, 0.28192, 0.10741, 0.23334, 0.20095, 0.0017996, 0.56326, 0.00059985, 0.98998, 0.99712, 0.00071787, 0.0021536, 0.00054429, 0.99931, 0.0010592, 0.0042368, 0.99353, 0.0023493, 0.99609, 0.99738, 0.89005, 0.0018239, 0.10761, 0.0013455, 0.001794, 0.0040364, 0.57272, 0.41979, 0.99274, 0.99024, 0.0022279, 0.99737, 0.99072, 0.99444, 0.98695, 0.0047775, 0.99371, 0.99834, 0.99854, 0.99207, 0.0013057, 0.0019586, 0.0013057, 0.06594, 0.92968, 0.086676, 0.0021314, 0.066072, 0.69909, 0.00071046, 0.14422, 0.99383, 0.91805, 0.0017354, 0.07983, 0.99252, 0.99126, 0.0077899, 0.86641, 0.060638, 0.071944, 0.0046473, 0.0011618, 0.0011618, 0.062739, 0.0034855, 0.92598, 0.99856, 0.99391, 0.079284, 0.24079, 0.67245, 0.0058729, 0.0022023, 0.95515, 0.029054, 0.014527, 0.028372, 0.96109, 0.0070929, 0.0035464, 0.021522, 0.9685, 0.0052457, 0.99143, 0.012209, 0.98282, 0.0061044, 0.99883, 0.47471, 0.35424, 0.16338, 0.0018823, 0.0052703, 0.010622, 0.11047, 0.87526, 0.0021244, 0.0017627, 0.0035254, 0.017627, 0.97655, 0.99473, 0.98949, 0.0064532, 0.0043021, 0.99776, 0.0019078, 0.99913, 0.99316, 0.024922, 0.001466, 0.97051, 0.002932, 0.99729, 0.99915, 0.13187, 0.0015514, 0.0074465, 0.039715, 0.0021719, 0.81695, 0.99757, 0.12321, 0.057018, 0.25625, 0.16355, 0.39979, 0.17609, 0.031331, 0.0001983, 0.45886, 0.33334, 0.9992, 0.0013623, 0.98765, 0.010898, 0.99569, 0.0038449, 0.008651, 0.77955, 0.00096122, 0.2057, 0.99027, 0.0024603, 0.0024603, 0.99398, 0.99908, 0.99569, 0.99931, 0.9998, 0.0040421, 0.054569, 0.022232, 0.91959, 0.86978, 0.12888, 0.00063487, 0.00063487, 0.98934, 0.000768, 0.28109, 0.000768, 0.71655, 0.000768, 0.0011224, 0.99444, 0.0033672, 0.99715, 0.0076158, 0.99006, 0.0066956, 0.0033478, 0.98872, 0.98803, 0.99756, 0.0063546, 0.0042364, 0.98919, 0.038177, 0.01762, 0.94268, 0.37106, 0.21121, 0.019226, 0.26957, 0.12881, 0.00013733, 0.077569, 0.35597, 0.13361, 0.4328, 0.010968, 0.9871, 0.99346, 0.9987, 0.99367, 0.002187, 0.99728, 0.99397, 0.0017286, 0.00086432, 0.002593, 0.00086432, 0.1986, 0.00022428, 0.73597, 0.026689, 0.038464, 0.0079042, 0.99066, 0.99335, 0.99419, 0.018607, 0.0022328, 0.40116, 0.57755, 0.99734, 0.0013298, 0.96131, 0.034767, 0.0017384, 0.99486, 0.99889, 0.001433, 0.0042991, 0.11608, 0.001433, 0.87559, 0.99863, 0.99038, 0.00026316, 0.00026316, 0.051842, 0.55974, 0.15684, 0.010526, 0.21895, 0.0013158, 0.0086953, 0.97387, 0.013043, 0.0064193, 0.058844, 0.93294, 0.0010699, 0.9977, 0.9961, 0.99875, 0.99188, 0.019939, 0.017091, 0.056969, 0.90581, 0.1932, 0.0067208, 0.55419, 0.082905, 0.047322, 0.089994, 0.02564, 0.99738, 0.9963, 0.99205, 0.00087424, 0.0023313, 0.00029141, 0.99605, 0.99035, 0.0090858, 0.00011505, 0.1903, 0.60678, 0.13024, 0.072368, 0.76483, 0.0063209, 0.20101, 0.025284, 0.0012642, 0.99824, 0.079349, 0.0043281, 0.098104, 0.0091371, 0.59968, 0.18082, 0.028373, 0.012171, 0.78044, 0.2069, 0.82241, 0.031291, 0.14602, 0.010152, 0.98473, 0.003384, 0.0036678, 0.94995, 0.044013, 0.15262, 0.83849, 0.0087323, 0.030205, 0.1487, 0.23467, 0.072028, 0.51349, 0.99614, 0.99934, 0.47735, 0.00058535, 0.051218, 0.47091, 0.99474, 0.031903, 0.0045576, 0.94799, 0.013673, 0.13327, 0.14266, 0.0040249, 0.19811, 0.068423, 0.45302, 0.99509, 0.0036992, 0.99687, 0.0012383, 0.0012383, 0.97335, 0.0027418, 0.024676, 0.034834, 0.9627, 0.47045, 0.15427, 0.017664, 0.0002944, 0.35652, 0.0002944, 0.0005888, 0.11774, 0.095068, 0.53962, 0.24765,  0.996, 0.0025736, 0.9684, 0.0269, 0.37534, 0.030309, 0.5942, 0.99217, 0.12672, 0.87215, 0.00093178, 0.64746, 0.35245, 0.99754, 0.0024692, 0.0030573, 0.015286, 0.83922, 0.14216, 0.99846, 0.0053755, 0.98909, 0.0087407, 0.9877, 0.00061097, 0.0036658, 0.50863, 0.00030549, 0.48664, 0.85131, 0.0016671, 0.00055568, 0.015003, 0.0016671, 0.12947, 0.080123, 0.74854, 0.00072183, 0.0014437, 0.16746, 0.0014437, 0.98699, 0.011566, 0.0068729, 0.98969, 0.99536, 0.99555, 0.016744, 0.80021, 0.0041859, 0.1786, 0.13245, 0.10202, 0.0279, 0.70947, 0.00028181, 0.027618, 0.00028181, 0.85864, 0.13617, 0.025985, 0.3288, 0.15124, 0.49383, 0.99068, 0.9925, 0.99742, 0.99738, 0.9977, 0.0042926, 0.99373, 0.0020995, 0.33322, 0.66464, 0.99823, 0.0010707, 0.14026, 0.021414, 0.086726, 0.7452, 0.0032121, 0.0025115, 0.0012558, 0.95689, 0.039557, 0.99312, 0.005054, 0.29835, 0.09313, 0.60493, 0.0032966, 0.00091833, 0.0045916, 0.002755, 0.17816, 0.81364, 0.17375, 0.0026062, 0.79055, 0.033012, 0.0013649, 0.99774, 0.98288, 0.02681, 0.97282, 0.99366, 0.2256, 0.77438, 0.99981, 0.025913, 0.90694, 0.060463, 0.0013489, 0.0013489, 0.17536, 0.8215, 0.35682, 0.43601, 0.20692, 0.01396, 0.0008212, 0.089511, 0.89511, 0.0016003, 0.0036007, 0.00040008, 0.96298, 0.031206, 0.0083395, 0.93403, 0.050037, 0.98869, 0.01611, 0.95052, 0.024166, 0.64686, 0.080277, 0.27135, 0.0013269, 0.00080758, 0.0056531, 0.0024227, 0.9909, 0.0065455, 0.99056, 0.01665, 0.97817, 0.9959, 0.0012784, 0.0012784, 0.0012784, 0.99826, 0.9935, 0.03211, 0.96781, 0.99048, 0.0055645, 0.10515, 0.036769, 0.040271, 0.26762, 0.10405, 0.2563, 0.18984, 0.00038027, 0.69438, 0.07035, 0.23501, 0.00024424, 0.99969, 0.065282, 0.93402, 0.0006192, 0.92604, 0.0026308, 0.068401, 0.0025485, 0.99732, 0.009015, 0.001803, 0.94117, 0.043272, 0.005409, 0.9982, 0.41894, 0.090914, 0.0114, 0.47851, 0.000285, 0.20039, 0.79953, 0.0010778, 0.0080836, 0.98979, 0.00089818, 0.99938, 0.99568, 0.99124, 0.0082923, 0.90534, 0.094037, 0.003303, 0.0066059, 0.98759, 0.038587, 0.95466, 0.0057165, 0.99975, 0.016759, 0.98319, 0.00022274, 0.86892, 0.13075, 0.44682, 0.55253, 0.0029287, 0.0087861, 0.0029287, 0.98404, 0.012078, 0.97831, 0.98645, 0.00037202, 0.40253, 0.0066964, 0.17708, 0.25149, 0.16183, 0.98781, 0.0089395, 0.99952, 0.99336, 0.042793, 0.014264, 0.94144, 0.15596, 0.59348, 0.1853, 0.021618, 0.043752, 0.001031, 0.99803, 0.01121, 0.98649, 0.0069346, 0.1002, 0.53569, 0.35678, 0.011062, 0.98451, 0.0038738, 0.99299, 0.0025825, 0.99591, 0.0030271, 0.99856, 0.0021127, 0.99788, 0.98483, 0.083992, 0.0078742, 0.90553, 0.0017498, 0.00087491, 0.0072483, 0.98577, 0.0072483, 0.99411, 0.73562, 0.23938, 0.00064698, 0.023291, 0.0064691, 0.99301, 0.97953, 0.0053968, 0.010794, 0.039272, 0.094793, 0.86533, 0.99348, 0.98545, 0.012116, 0.0022042, 0.019838, 0.97868, 0.99623, 0.6322, 0.15231, 0.10423, 0.11104, 0.99163, 0.3202, 0.23814, 0.013922, 0.42756, 0.04409, 0.95108, 0.98142, 0.01789, 0.022655, 0.76846, 0.0018124, 0.0027186, 0.2048, 0.99312, 0.0065013, 0.00022418,  0.997, 0.080461, 0.04502, 0.82951, 0.044062, 0.99674, 0.0085784, 0.99081, 0.001969, 0.99434, 0.001969, 0.0022784, 0.94326, 0.047846, 0.0045568, 0.98873, 0.66493, 0.33495, 0.0025197, 0.99528, 0.012985, 0.00051942, 0.1283, 0.00051942, 0.71732, 0.0046748, 0.067524, 0.068563, 0.98962, 0.0090514, 0.37083, 0.62906, 0.66971, 0.32942, 0.99163, 0.0031059, 0.99389, 0.99734, 0.010057, 0.18821, 0.010057, 0.79164, 0.99522, 0.0024274, 0.99359, 0.0047146, 0.0011786, 0.056675, 0.92062, 0.022117, 0.023804, 0.9581, 0.0089264, 0.0059509, 0.94047, 0.058981, 0.0045384, 0.98938, 0.0045384, 0.027654, 0.97183, 0.99885, 0.99617, 0.029563, 0.13823, 0.83221, 0.99964, 0.93658, 0.026308, 0.019293, 0.0070156, 0.0087694, 0.0073006, 0.97974, 0.0014601, 0.0021902, 0.0080307, 0.00073006, 0.99925, 0.00049031, 0.99252, 0.021621, 0.21535, 0.76194, 0.00086486, 0.057523, 0.93344, 0.007844, 0.99597, 0.98721, 0.9994, 0.12842, 0.022334, 0.84869, 0.13831, 0.10927, 0.00047612, 0.75155, 0.00023806, 0.29085, 0.0096148, 0.69547, 0.0036055, 0.99967, 0.99076, 0.0066944, 0.057535, 0.13619, 0.77126, 0.0021849, 0.0014566, 0.030588, 0.088686,  0.825, 0.085047, 0.0004548, 0.0009096, 0.99895, 0.99723, 0.0025072, 0.99724, 0.0052811, 0.99284, 0.013447, 0.0019211, 0.011526, 0.011526, 0.96053, 0.99244, 0.99072, 0.23837, 0.10232, 0.31698, 0.040982, 0.0022303, 0.05771, 0.24115, 0.99385, 0.99904, 0.99048, 0.005132, 0.00021597, 0.00043193, 0.0023756, 0.0025916, 0.79065, 0.0006479, 0.20301, 0.99765, 0.55114, 0.17227, 0.0016889, 0.027022, 0.24742, 0.00056296, 0.0091753, 0.98176, 0.99883, 0.99872, 0.0059065, 0.78472, 0.20842, 0.88527, 0.080025, 0.03393, 0.00075567, 0.99392, 0.010871, 0.00013848, 0.077063, 0.20107, 0.44798, 0.11798, 0.14492, 0.00045956, 0.13235, 0.53539, 0.33134, 0.99833, 0.98854, 0.98218, 0.57619, 0.42365, 0.9838, 0.99763, 0.026893, 0.97153, 0.99756, 0.11378, 0.7334, 0.13632, 0.015772, 0.95401, 0.0034133, 0.037546, 0.0051199, 0.024083, 0.010321, 0.95643, 0.0068808, 0.034704, 0.0052055, 0.95956, 0.9951, 0.0068489, 0.020547, 0.97254, 0.99696, 0.99843, 0.9939, 0.9993, 0.97709, 0.022854, 0.0071316, 0.9913, 0.99582, 0.0028781, 0.90277, 0.013248, 0.028389, 0.039745, 0.015141, 0.99876, 0.99907, 0.19652, 0.0013111, 0.68658, 0.00029136, 0.046908, 0.068032, 0.00029136, 0.003179, 0.66926, 0.013218, 0.31355, 0.00066926, 0.99724, 0.0011502, 0.0015336, 0.0016775, 0.99645, 0.0016775, 0.99664, 0.0025588, 0.015447, 0.98244, 0.99491, 0.043757, 0.50976, 0.00071068, 0.4458, 0.0023142, 0.013885, 0.0069427, 0.0069427, 0.97198, 0.13199, 0.6305, 0.029105, 0.20746, 0.00067687, 0.97911, 0.019937, 0.92726, 0.072402, 0.0016434, 0.0016434, 0.99589, 0.0029978, 0.17987, 0.81691, 0.99335, 0.00011602, 0.00011602, 0.00069615, 0.12693, 0.87204, 0.0014171, 0.84743, 0.0056684, 0.0070855, 0.0014171, 0.13604, 0.013689, 0.0068445, 0.97877, 0.032566, 0.96612, 0.99344,  0.173, 0.82677, 0.0019469, 0.99683, 0.0074134, 0.00061778, 0.16001, 0.5072, 0.32434, 0.0036831, 0.99443, 0.0035828, 0.99244, 0.0011943, 0.0011943, 0.0042361, 0.99125, 0.0039082, 0.0019541, 0.0019541, 0.99073, 0.21214, 0.0055826, 0.0011165, 0.78044, 0.99354, 0.0018839, 0.99658, 0.99817, 0.0010217, 0.0007962, 0.11465, 0.87901, 0.003981, 0.0007962, 0.2406, 0.75931, 0.99041, 0.41755, 0.0043302, 0.57715, 0.0006186, 0.99438, 0.00032378, 0.1525, 0.84701, 0.99929, 0.032775, 0.0040969, 0.96278, 0.0052223, 0.98701, 0.0052223, 0.99496, 0.98614, 0.99571, 0.017174, 0.017174, 0.96174, 0.032303, 0.96505, 0.9881, 0.0095932, 0.0065348, 0.98675, 0.0010075, 0.87046, 0.12795, 0.99623, 0.002722, 0.11523, 0.0033561, 0.76576, 0.0039155, 0.11131, 0.00055936, 0.06408, 0.27894, 0.65588, 0.24491, 0.75447, 0.013862, 0.98575, 0.99565, 0.99352, 0.0050433, 0.00091971, 0.0018394, 0.027591, 0.014715, 0.7045, 0.0018394, 0.25016, 0.86257, 0.13385, 0.0021679, 0.73707, 0.25256, 0.0086714, 0.66094, 0.00028427, 0.33886, 0.00028488, 0.34186, 0.65779, 0.98586, 0.013486, 0.0010441, 0.93863, 0.056381, 0.0031323, 0.99684, 0.21551, 0.78367, 0.98977, 0.0050533, 0.99297, 0.99018, 0.00096677, 0.80532, 0.00096677, 0.19239, 0.99547, 0.003814, 0.0031061, 0.85624, 0.13356, 0.0062121, 0.0024429, 0.58548, 0.10342, 0.018729, 0.24347, 0.0456, 0.032859, 0.039178, 0.92385, 0.0025276, 0.9919, 0.47107, 0.00034606, 0.52843, 0.0021723, 0.23316, 0.00072411, 0.02824, 0.73569, 0.99491, 0.02779, 0.97148, 0.00050223, 0.99316, 0.12049, 0.0031708, 0.86562, 0.011098, 0.99479, 0.0017957, 0.99664, 0.00089787, 0.99874, 0.99712, 0.99977, 0.99559, 0.99517, 0.0022825, 0.0022825, 0.85997, 0.0047079, 0.13653, 0.99653, 0.99266, 0.0071608, 0.090197, 0.0012704, 0.90515, 0.0012704, 0.0019056, 0.99402, 0.005417, 0.99662, 0.0011819, 0.74694, 0.24701, 0.0035456, 0.0084083, 0.26033, 0.0064299, 0.32677, 0.39816, 0.7633, 0.22784, 0.0084609, 0.0069988, 0.98683, 0.99798, 0.001757, 0.99649, 0.0017482, 0.99407, 0.99602, 0.99321, 0.99685, 0.033264, 0.0016632,  0.963, 0.99457, 0.057596, 0.000952, 0.7378, 0.19611, 0.00714, 0.99738, 0.26843, 0.72996, 0.0021757, 0.99572, 0.0014504, 0.00072522, 0.96395, 0.033823, 0.94493, 0.044753, 0.0012787, 0.0051146, 0.0025573, 0.99542, 0.0030597, 0.9852, 0.0052946, 0.12601, 0.0050298, 0.80874, 0.054799, 0.34019, 0.6493, 0.0079941, 0.0017765, 0.04839, 0.95111, 0.0052895, 0.0037782, 0.29395, 0.1738, 0.52366, 0.99387, 0.0013069, 0.93703, 0.060116, 0.0013069, 0.98602, 0.019706, 0.98018, 0.080191, 0.017449, 0.14411, 0.25722,  0.501, 0.99599, 0.93575, 0.0067808, 0.051986, 0.0022603, 0.98126, 0.019495, 0.98455, 0.005931, 0.0088966, 0.00058947, 0.0029473, 0.010021, 0.98618, 0.11449, 0.032635, 0.85279, 0.63894, 0.34813, 0.00069074, 0.010361, 0.0013815, 0.0030681, 0.99098, 0.0051134, 0.0046337, 0.98235, 0.0092675, 0.99154, 0.0018922, 0.0018922, 0.0037845, 0.067538, 0.6652, 0.25699, 0.01018, 0.9906, 0.0054131, 0.98602, 0.0036478, 0.99037, 0.0036478, 0.0018239, 0.99811, 0.0011304, 0.99402, 0.0048846, 0.9971, 0.98873, 0.010367, 0.99479, 0.99866, 0.99919, 0.98717, 0.010391, 0.0033807, 0.00030733, 0.032577, 0.62419, 0.0043027, 0.12109, 0.20806, 0.0061467, 0.99978, 0.0038192, 0.98535, 0.011458, 0.0017455, 0.99667, 0.99993, 0.0016668, 0.0016668, 0.99672, 0.0057857, 0.0019286, 0.99128, 0.99407, 0.0050822, 0.0035369, 0.99506, 0.99375, 0.072791, 0.72105, 0.20601, 0.14172, 0.54121, 0.00064125, 0.00064125, 0.21482, 0.10132, 0.98911, 0.008601, 0.00072043, 0.096537, 0.9027,  0.904, 0.0033482, 0.088726, 0.0033482, 0.99474, 0.022459, 0.0039401, 0.9732, 0.76176, 0.0027451, 0.22235, 0.0050327, 0.0077778, 0.83288, 0.16366, 0.0011649, 0.0017473, 0.00058243, 0.0012531, 0.99497, 0.00062656, 0.0031328, 0.0041773, 0.99421, 0.0037459, 0.99641, 0.0038609, 0.001287, 0.0077218, 0.91245, 0.0025739, 0.07207, 0.1575, 0.028315, 0.80035, 0.013715, 0.0085462, 0.14614, 0.50892, 0.0059823, 0.13717, 0.19272, 0.00042731, 0.05061, 0.94134, 0.99539, 0.13769, 0.86058, 0.20689, 0.0026321, 0.41166, 0.013161, 0.20004, 0.16582, 0.99605, 0.22067, 0.054827, 0.23856, 0.34185, 0.023262, 0.029274, 0.091474, 7.1576e-05, 0.0030578, 0.27378, 0.13516, 0.00020386, 0.27887, 0.25217, 0.056468, 0.55105, 0.067245, 0.18567, 0.10533, 0.090454, 0.00059509, 0.99422, 0.37208, 0.47384, 0.15398, 0.99825, 0.02474, 0.059738, 0.27274, 0.00060341, 0.64263, 0.98552, 0.96497, 0.0070954, 0.014191, 0.010643, 0.0029965, 0.0029965, 0.98286, 0.0089896, 0.99388, 0.98596, 0.0037756, 0.0037756, 0.0037756, 0.9892, 0.46984, 0.52995, 0.26095, 0.25436, 0.32883, 0.039219, 0.00018855, 0.045818, 0.070518, 0.00028823, 0.0069176, 0.14469, 0.48452, 0.0049, 0.35395, 0.0046117, 0.99899, 0.99738, 0.0049953, 0.0099906, 0.98408, 0.19169, 0.14706, 0.64164, 0.017559, 0.0021949, 0.005992, 0.98868, 0.012484, 0.98627, 0.00068521, 0.99904, 0.99732, 0.12096, 0.87144, 0.002749, 0.0041235, 0.99727, 0.94264, 0.056543, 0.99618, 0.99641, 0.99817, 0.41075, 0.49706, 0.00029764, 0.091674, 0.00029764, 0.99379, 0.9986, 0.0004528, 0.99933, 0.0027347, 0.99511, 0.00068369, 0.00034184, 0.00068369, 0.00034184, 0.00013069, 0.99977, 0.64905, 0.066806, 0.0010863, 0.24332, 0.026071, 0.013578, 0.73319, 0.0013023, 0.26567, 0.99057, 0.0050539, 0.99484, 0.51051, 0.16387, 0.16104, 0.0033058, 0.15443, 0.0070839, 0.99766, 0.3815, 0.14847, 0.0011691, 0.4684, 0.99924, 0.91744, 0.044392, 0.044392, 0.0025369, 0.012684, 0.010148, 0.97416, 0.9917, 0.99272, 0.021155, 0.042309, 0.90965, 0.021155, 0.99651, 0.029326, 0.00015195, 0.044977, 0.28171, 0.049991, 0.39203, 0.17201, 0.029782, 0.0090038, 0.002251, 0.98817, 0.99593, 0.0031819, 0.99182, 0.0045496, 0.98969, 0.0051816, 0.29255, 0.14862, 0.18622, 0.37244, 0.11016, 0.30011, 0.005807, 0.27815, 0.30567, 0.99217, 0.75066, 0.24001, 0.0091918, 0.010946, 0.31246, 0.67468, 0.0019902, 0.00033367, 0.62263, 0.37705, 0.32804, 0.050515, 0.059309, 0.0069535, 0.40555, 0.038858, 0.11064, 0.41256, 0.12396, 0.00047861, 0.46282, 0.9999, 0.98697, 0.0094901, 0.054555, 0.20888, 0.0083552, 0.2482, 0.47821, 0.0014745, 0.0036496, 0.051095, 0.029197, 0.90329, 0.012774, 0.99813, 0.4453, 0.19311, 0.35353, 0.0075922, 0.0033198, 0.31124, 0.060587, 0.12491, 0.48885, 0.011204, 0.069151, 0.0062864, 0.23145, 0.00057149, 0.40319, 0.28318, 0.0060007, 0.99636, 0.0039561, 0.0015824, 0.0031649, 0.98981, 0.00079121 ] 
},
"R":     30,
"lambda.step":   0.01,
"plot.opts": {
 "xlab": "PC1",
"ylab": "PC2" 
},
"topic.order": [ 8, 10, 2, 3, 11, 5, 4, 6, 7, 12, 1, 9 ] 
}